%time,field.position.x,field.position.y,field.position.z,field.orientation.x,field.orientation.y,field.orientation.z,field.orientation.w
1627560532953651457,1825.58679604,443.92595205,0.0,0.0,0.0,0.0,0.0
1627560532997923521,1824.79477718,449.712717833,0.0,0.0,0.0,0.0,0.0
1627560533042305212,1815.93830843,449.153223891,0.0,0.0,0.0,0.0,0.0
1627560533088860811,1811.14666878,444.63184597,0.0,0.0,0.0,0.0,0.0
1627560533138626387,1797.93028618,438.360692057,0.0,0.0,0.0,0.0,0.0
1627560533185950279,1793.26488634,438.319059862,0.0,0.0,0.0,0.0,0.0
1627560533237739052,1783.93334035,438.235788813,0.0,0.0,0.0,0.0,0.0
1627560533287501009,1779.30942022,438.492922413,0.0,0.0,0.0,0.0,0.0
1627560533337418430,1779.26719417,438.194149957,0.0,0.0,0.0,0.0,0.0
1627560533385664327,1779.26719417,438.194149957,0.0,0.0,0.0,0.0,0.0
1627560533437586406,1765.26726264,438.069220069,0.0,0.0,0.0,0.0,0.0
1627560533486423154,1755.93273059,437.985922373,0.0,0.0,0.0,0.0,0.0
1627560533537643304,1723.25402645,437.694310457,0.0,0.0,0.0,0.0,0.0
1627560533587204608,1709.24513206,437.569300588,0.0,0.0,0.0,0.0,0.0
1627560533638066570,1690.56311848,437.402589639,0.0,0.0,0.0,0.0,0.0
1627560533685795764,1685.95171856,437.658036127,0.0,0.0,0.0,0.0,0.0
1627560533741557790,1667.45166187,431.867387761,0.0,0.0,0.0,0.0,0.0
1627560533782049378,1667.45166187,431.867387761,0.0,0.0,0.0,0.0,0.0
1627560533833030499,1658.10169591,431.783667834,0.0,0.0,0.0,0.0,0.0
1627560533882750014,1644.1397434,431.943906588,0.0,0.0,0.0,0.0,0.0
1627560533939573344,1611.33688673,431.364934075,0.0,0.0,0.0,0.0,0.0
1627560533988701240,1588.14971076,425.820232707,0.0,0.0,0.0,0.0,0.0
1627560534033763264,1540.36103002,426.741015621,0.0,0.0,0.0,0.0,0.0
1627560534081451599,1512.38536275,421.235135637,0.0,0.0,0.0,0.0,0.0
1627560534140448956,1461.93356358,413.987225028,0.0,0.0,0.0,0.0,0.0
1627560534182473207,1429.07471988,413.689999825,0.0,0.0,0.0,0.0,0.0
1627560534239973057,1372.80655204,407.820191252,0.0,0.0,0.0,0.0,0.0
1627560534281961161,1343.54845646,404.162414953,0.0,0.0,0.0,0.0,0.0
1627560534339975200,1288.24563273,396.308609197,0.0,0.0,0.0,0.0,0.0
1627560534387942590,1255.29577018,390.625825253,0.0,0.0,0.0,0.0,0.0
1627560534435761507,1192.83106127,387.128209691,0.0,0.0,0.0,0.0,0.0
1627560534483137155,1165.72553163,379.194853668,0.0,0.0,0.0,0.0,0.0
1627560534541360301,1104.14279957,373.046274722,0.0,0.0,0.0,0.0,0.0
1627560534588723292,1070.9535287,367.328371944,0.0,0.0,0.0,0.0,0.0
1627560534633148236,1009.27843095,361.337062852,0.0,0.0,0.0,0.0,0.0
1627560534681588881,980.789485176,355.772433916,0.0,0.0,0.0,0.0,0.0
1627560534737688244,918.702889283,344.194422452,0.0,0.0,0.0,0.0,0.0
1627560534786579066,890.180761279,343.925903784,0.0,0.0,0.0,0.0,0.0
1627560534838366168,851.755522148,332.66514022,0.0,0.0,0.0,0.0,0.0
1627560534886021714,837.469351479,332.529759567,0.0,0.0,0.0,0.0,0.0
1627560534938025116,818.252450248,326.950145094,0.0,0.0,0.0,0.0,0.0
1627560534981586941,808.461366349,321.329615861,0.0,0.0,0.0,0.0,0.0
1627560535041549520,793.362821702,325.035608429,0.0,0.0,0.0,0.0,0.0
1627560535087930136,789.382652103,321.14763504,0.0,0.0,0.0,0.0,0.0
1627560535132174063,769.592377739,324.942159941,0.0,0.0,0.0,0.0,0.0
1627560535184797007,760.756823424,320.874589816,0.0,0.0,0.0,0.0,0.0
1627560535238779267,737.14814383,326.1171917,0.0,0.0,0.0,0.0,0.0
1627560535288011754,722.171227154,330.037690416,0.0,0.0,0.0,0.0,0.0
1627560535331435994,703.390822347,335.366960934,0.0,0.0,0.0,0.0,0.0
1627560535383298509,689.988239326,336.589636939,0.0,0.0,0.0,0.0,0.0
1627560535440382757,666.514177921,341.915495305,0.0,0.0,0.0,0.0,0.0
1627560535489402772,651.909346096,351.354556562,0.0,0.0,0.0,0.0,0.0
1627560535533048520,629.230032045,357.794353947,0.0,0.0,0.0,0.0,0.0
1627560535583099537,620.023521156,363.138822594,0.0,0.0,0.0,0.0,0.0
1627560535638107446,610.825949272,368.478102061,0.0,0.0,0.0,0.0,0.0
1627560535687759002,606.069070951,368.434052802,0.0,0.0,0.0,0.0,0.0
1627560535739034250,596.47722271,378.08427064,0.0,0.0,0.0,0.0,0.0
1627560535781854296,596.882485371,373.768315964,0.0,0.0,0.0,0.0,0.0
1627560535837452321,592.457570498,379.141123658,0.0,0.0,0.0,0.0,0.0
1627560535890605928,587.704811039,379.097404739,0.0,0.0,0.0,0.0,0.0
1627560535937128004,583.286737658,384.464880852,0.0,0.0,0.0,0.0,0.0
1627560535982374090,579.397269448,395.438142761,0.0,0.0,0.0,0.0,0.0
1627560536039833821,565.315829443,400.49134479,0.0,0.0,0.0,0.0,0.0
1627560536090862790,561.128942841,406.070643304,0.0,0.0,0.0,0.0,0.0
1627560536136925895,557.220697636,421.926340338,0.0,0.0,0.0,0.0,0.0
1627560536186754890,543.726619822,432.526098761,0.0,0.0,0.0,0.0,0.0
1627560536238086345,535.343260645,448.49030036,0.0,0.0,0.0,0.0,0.0
1627560536286118394,531.778480624,469.043962413,0.0,0.0,0.0,0.0,0.0
1627560536338506028,518.654394449,480.270451828,0.0,0.0,0.0,0.0,0.0
1627560536387654845,515.050031882,496.126967312,0.0,0.0,0.0,0.0,0.0
1627560536438840658,512.193911176,522.470199862,0.0,0.0,0.0,0.0,0.0
1627560536487669284,508.02541886,537.045836331,0.0,0.0,0.0,0.0,0.0
1627560536537533966,510.456860351,564.355090257,0.0,0.0,0.0,0.0,0.0
1627560536586820934,511.190968931,574.780726147,0.0,0.0,0.0,0.0,0.0
1627560536638759394,513.748168443,611.097466946,0.0,0.0,0.0,0.0,0.0
1627560536685807310,514.11194407,616.263722092,0.0,0.0,0.0,0.0,0.0
1627560536734904572,520.557335038,642.049301342,0.0,0.0,0.0,0.0,0.0
1627560536790220317,525.545941829,647.218439255,0.0,0.0,0.0,0.0,0.0
1627560536838120775,530.882478514,657.504424593,0.0,0.0,0.0,0.0,0.0
1627560536883067222,531.588217454,667.733411842,0.0,0.0,0.0,0.0,0.0
1627560536942655343,535.880705529,671.391072203,0.0,0.0,0.0,0.0,0.0
1627560536986106258,536.55744614,672.874636826,0.0,0.0,0.0,0.0,0.0
1627560537034633643,537.256125614,683.071240494,0.0,0.0,0.0,0.0,0.0
1627560537085495729,542.214324542,688.195855791,0.0,0.0,0.0,0.0,0.0
1627560537142966911,554.469895184,723.757537853,0.0,0.0,0.0,0.0,0.0
1627560537185991168,559.954260819,739.815892999,0.0,0.0,0.0,0.0,0.0
1627560537234362773,580.345157974,779.138929159,0.0,0.0,0.0,0.0,0.0
1627560537286232972,590.74480411,799.128191526,0.0,0.0,0.0,0.0,0.0
1627560537339266282,607.491896504,848.673707945,0.0,0.0,0.0,0.0,0.0
1627560537387847458,613.237761846,868.34171483,0.0,0.0,0.0,0.0,0.0
1627560537432776119,623.471031461,887.956683401,0.0,0.0,0.0,0.0,0.0
1627560537483332609,624.361862214,902.57190319,0.0,0.0,0.0,0.0,0.0
1627560537539857677,630.333065707,926.858671635,0.0,0.0,0.0,0.0,0.0
1627560537589297147,635.405556337,936.554671907,0.0,0.0,0.0,0.0,0.0
1627560537631250034,635.644244282,953.624114646,0.0,0.0,0.0,0.0,0.0
1627560537688489855,636.562383192,955.833004285,0.0,0.0,0.0,0.0,0.0
1627560537737488380,641.898431367,970.266556806,0.0,0.0,0.0,0.0,0.0
1627560537781073899,642.468785134,979.846896279,0.0,0.0,0.0,0.0,0.0
1627560537838459486,647.500184085,989.433437988,0.0,0.0,0.0,0.0,0.0
1627560537881579495,649.080536586,995.172319938,0.0,0.0,0.0,0.0,0.0
1627560537939959465,653.823977126,999.967933356,0.0,0.0,0.0,0.0,0.0
1627560537981364010,648.345038043,1003.73821016,0.0,0.0,0.0,0.0,0.0
1627560538037653567,647.67813475,1006.17904648,0.0,0.0,0.0,0.0,0.0
1627560538086978210,652.800225666,1003.76340755,0.0,0.0,0.0,0.0,0.0
1627560538138737857,649.950412005,1009.46849051,0.0,0.0,0.0,0.0,0.0
1627560538182382325,649.282726808,1011.89413623,0.0,0.0,0.0,0.0,0.0
1627560538233881844,650.239777281,1014.22413167,0.0,0.0,0.0,0.0,0.0
1627560538290995592,649.477580047,1014.407476,0.0,0.0,0.0,0.0,0.0
1627560538340551028,648.906852189,1013.25065107,0.0,0.0,0.0,0.0,0.0
1627560538381453339,648.906852189,1013.25065107,0.0,0.0,0.0,0.0,0.0
1627560538434679188,653.913704179,1022.76856771,0.0,0.0,0.0,0.0,0.0
1627560538487400746,654.468760365,1032.24242067,0.0,0.0,0.0,0.0,0.0
1627560538537397201,665.524755538,1069.99437673,0.0,0.0,0.0,0.0,0.0
1627560538580187046,671.579988356,1089.93653797,0.0,0.0,0.0,0.0,0.0
1627560538636589564,679.867970343,1140.91989133,0.0,0.0,0.0,0.0,0.0
1627560538690878402,689.962674874,1164.02320532,0.0,0.0,0.0,0.0,0.0
1627560538740688001,699.096680076,1215.21779294,0.0,0.0,0.0,0.0,0.0
1627560538781078546,705.990461106,1245.15802424,0.0,0.0,0.0,0.0,0.0
1627560538834913321,717.545582348,1299.10319365,0.0,0.0,0.0,0.0,0.0
1627560538888741810,723.741385599,1334.70767208,0.0,0.0,0.0,0.0,0.0
1627560538939064595,735.07957408,1387.60092124,0.0,0.0,0.0,0.0,0.0
1627560538981063684,741.146968658,1422.51514566,0.0,0.0,0.0,0.0,0.0
1627560539037010401,752.274425784,1474.38693809,0.0,0.0,0.0,0.0,0.0
1627560539084763353,757.78982879,1500.09755973,0.0,0.0,0.0,0.0,0.0
1627560539139524911,762.492738525,1530.91115381,0.0,0.0,0.0,0.0,0.0
1627560539189087661,765.023121455,1540.1546499,0.0,0.0,0.0,0.0,0.0
1627560539232073454,768.932727267,1555.29459021,0.0,0.0,0.0,0.0,0.0
1627560539285439170,769.139882615,1559.51043005,0.0,0.0,0.0,0.0,0.0
1627560539341609702,771.92321244,1572.88622265,0.0,0.0,0.0,0.0,0.0
1627560539386003560,774.350251691,1580.53960718,0.0,0.0,0.0,0.0,0.0
1627560539433970514,779.334480354,1597.29247676,0.0,0.0,0.0,0.0,0.0
1627560539486043353,783.902043043,1605.64951558,0.0,0.0,0.0,0.0,0.0
1627560539543664108,793.010654568,1622.31508217,0.0,0.0,0.0,0.0,0.0
1627560539589398126,801.894343079,1634.77630113,0.0,0.0,0.0,0.0,0.0
1627560539639338052,815.262880043,1655.4615861,0.0,0.0,0.0,0.0,0.0
1627560539688077510,823.901016468,1663.71400543,0.0,0.0,0.0,0.0,0.0
1627560539739941862,843.513115417,1684.87057963,0.0,0.0,0.0,0.0,0.0
1627560539786856108,848.736885947,1693.0626053,0.0,0.0,0.0,0.0,0.0
1627560539839236491,871.107836859,1708.81290848,0.0,0.0,0.0,0.0,0.0
1627560539886430789,883.744437043,1716.96708679,0.0,0.0,0.0,0.0,0.0
1627560539936972842,904.702592996,1729.17087831,0.0,0.0,0.0,0.0,0.0
1627560539988443534,917.139946754,1733.23888866,0.0,0.0,0.0,0.0,0.0
1627560540039274105,941.974729253,1741.36185067,0.0,0.0,0.0,0.0,0.0
1627560540087114497,954.372200692,1745.41681631,0.0,0.0,0.0,0.0,0.0
1627560540137441468,979.022584636,1749.48492496,0.0,0.0,0.0,0.0,0.0
1627560540187286248,987.300100185,1753.52520914,0.0,0.0,0.0,0.0,0.0
1627560540238601286,998.268160883,1753.95071294,0.0,0.0,0.0,0.0,0.0
1627560540286414721,1003.6432007,1753.54812096,0.0,0.0,0.0,0.0,0.0
1627560540340457129,1006.43403849,1753.95832407,0.0,0.0,0.0,0.0,0.0
1627560540388462308,1011.81361159,1753.55957527,0.0,0.0,0.0,0.0,0.0
1627560540437658037,1024.06780402,1753.57675475,0.0,0.0,0.0,0.0,0.0
1627560540487066714,1036.32028808,1753.59393182,0.0,0.0,0.0,0.0,0.0
1627560540540744640,1071.74287674,1754.01919624,0.0,0.0,0.0,0.0,0.0
1627560540587822155,1097.60681351,1757.7020805,0.0,0.0,0.0,0.0,0.0
1627560540637283347,1142.49472988,1761.78145747,0.0,0.0,0.0,0.0,0.0
1627560540686770327,1171.01624461,1761.82013727,0.0,0.0,0.0,0.0,0.0
1627560540739559581,1225.52318592,1766.37797924,0.0,0.0,0.0,0.0,0.0
1627560540789507228,1253.92950643,1770.41654179,0.0,0.0,0.0,0.0,0.0
1627560540838106217,1305.21054678,1774.02109822,0.0,0.0,0.0,0.0,0.0
1627560540886931068,1337.63883617,1778.06102786,0.0,0.0,0.0,0.0,0.0
1627560540936488504,1398.31770121,1786.12027766,0.0,0.0,0.0,0.0,0.0
1627560540986388082,1426.67736761,1786.15485884,0.0,0.0,0.0,0.0,0.0
1627560541039931034,1487.15660341,1794.1923263,0.0,0.0,0.0,0.0,0.0
1627560541087585145,1518.11426916,1802.30822286,0.0,0.0,0.0,0.0,0.0
1627560541137909864,1574.38305122,1810.27617878,0.0,0.0,0.0,0.0,0.0
1627560541188268164,1600.24995017,1814.54529728,0.0,0.0,0.0,0.0,0.0
1627560541237515828,1635.47390859,1818.14946782,0.0,0.0,0.0,0.0,0.0
1627560541287063542,1643.5259413,1818.15782725,0.0,0.0,0.0,0.0,0.0
1627560541337331555,1663.44213864,1822.12894102,0.0,0.0,0.0,0.0,0.0
1627560541386776996,1671.48789605,1822.13711245,0.0,0.0,0.0,0.0,0.0
1627560541438329600,1679.99125899,1826.45819082,0.0,0.0,0.0,0.0,0.0
1627560541486594907,1687.35569812,1826.09949209,0.0,0.0,0.0,0.0,0.0
1627560541537007613,1699.4152122,1826.11146821,0.0,0.0,0.0,0.0,0.0
1627560541589918287,1708.07080617,1826.48608288,0.0,0.0,0.0,0.0,0.0
1627560541634050507,1720.33632148,1822.56008604,0.0,0.0,0.0,0.0,0.0
1627560541687097051,1728.35999943,1822.56823705,0.0,0.0,0.0,0.0,0.0
1627560541741302834,1747.8857376,1822.21470365,0.0,0.0,0.0,0.0,0.0
1627560541788205040,1760.19728163,1818.27895273,0.0,0.0,0.0,0.0,0.0
1627560541839923453,1777.52320337,1814.72965118,0.0,0.0,0.0,0.0,0.0
1627560541887980498,1788.87215465,1810.40259106,0.0,0.0,0.0,0.0,0.0
1627560541936043383,1806.46598939,1802.9073287,0.0,0.0,0.0,0.0,0.0
1627560541985258315,1819.10018507,1795.00168791,0.0,0.0,0.0,0.0,0.0
1627560542040822611,1836.7133971,1779.58961257,0.0,0.0,0.0,0.0,0.0
1627560542085877842,1845.35682438,1771.65100412,0.0,0.0,0.0,0.0,0.0
1627560542134587591,1862.41432159,1755.23989858,0.0,0.0,0.0,0.0,0.0
1627560542185825464,1874.51978501,1742.73337367,0.0,0.0,0.0,0.0,0.0
1627560542240231139,1889.23842588,1719.12292303,0.0,0.0,0.0,0.0,0.0
1627560542287061132,1894.6104394,1707.02270642,0.0,0.0,0.0,0.0,0.0
1627560542334868144,1905.07246542,1678.63564396,0.0,0.0,0.0,0.0,0.0
1627560542387470738,1906.08211342,1666.40643501,0.0,0.0,0.0,0.0,0.0
1627560542442724482,1915.13523665,1641.19987095,0.0,0.0,0.0,0.0,0.0
1627560542490269267,1912.88138003,1633.63374597,0.0,0.0,0.0,0.0,0.0
1627560542540236979,1916.80160709,1620.59770976,0.0,0.0,0.0,0.0,0.0
1627560542588378197,1917.47034621,1612.32975742,0.0,0.0,0.0,0.0,0.0
1627560542636016583,1914.02664803,1604.03694686,0.0,0.0,0.0,0.0,0.0
1627560542686009036,1914.02664803,1604.03694686,0.0,0.0,0.0,0.0,0.0
1627560542738105985,1915.36270977,1587.42273617,0.0,0.0,0.0,0.0,0.0
1627560542786768794,1915.69751203,1583.2593991,0.0,0.0,0.0,0.0,0.0
1627560542835893192,1912.39528786,1575.65994538,0.0,0.0,0.0,0.0,0.0
1627560542886351597,1916.11650855,1574.89667466,0.0,0.0,0.0,0.0,0.0
1627560542940298823,1916.11650855,1574.89667466,0.0,0.0,0.0,0.0,0.0
1627560542988403753,1912.24065057,1574.91091263,0.0,0.0,0.0,0.0,0.0
1627560543033833714,1913.06104427,1567.31526554,0.0,0.0,0.0,0.0,0.0
1627560543086158107,1913.31854635,1558.16469281,0.0,0.0,0.0,0.0,0.0
1627560543140452572,1915.92997864,1528.76564726,0.0,0.0,0.0,0.0,0.0
1627560543183813091,1913.12421512,1511.85440266,0.0,0.0,0.0,0.0,0.0
1627560543236703835,1914.07834163,1466.06614431,0.0,0.0,0.0,0.0,0.0
1627560543286021418,1910.64971572,1440.16310384,0.0,0.0,0.0,0.0,0.0
1627560543335969686,1914.3338541,1387.33876548,0.0,0.0,0.0,0.0,0.0
1627560543386450279,1912.15788583,1361.13856286,0.0,0.0,0.0,0.0,0.0
1627560543438091665,1912.63503857,1303.86028277,0.0,0.0,0.0,0.0,0.0
1627560543485544185,1914.82094233,1278.1591447,0.0,0.0,0.0,0.0,0.0
1627560543539922546,1915.04801928,1219.81524375,0.0,0.0,0.0,0.0,0.0
1627560543585930260,1913.07855369,1187.07836543,0.0,0.0,0.0,0.0,0.0
1627560543636519842,1917.64142497,1127.57628065,0.0,0.0,0.0,0.0,0.0
1627560543686804406,1920.12278887,1095.21807548,0.0,0.0,0.0,0.0,0.0
1627560543740173092,1920.03912316,1039.19561106,0.0,0.0,0.0,0.0,0.0
1627560543788924690,1922.19248625,1010.94276317,0.0,0.0,0.0,0.0,0.0
1627560543833429342,1926.90287533,949.1408743,0.0,0.0,0.0,0.0,0.0
1627560543885221800,1929.52500862,916.449042853,0.0,0.0,0.0,0.0,0.0
1627560543940585359,1929.23167875,857.357506885,0.0,0.0,0.0,0.0,0.0
1627560543987933829,1930.9182923,837.75804593,0.0,0.0,0.0,0.0,0.0
1627560544033431047,1933.15152254,808.27679751,0.0,0.0,0.0,0.0,0.0
1627560544085230719,1938.20914455,798.47960977,0.0,0.0,0.0,0.0,0.0
1627560544139432834,1935.39853078,778.613663408,0.0,0.0,0.0,0.0,0.0
1627560544184947337,1940.27580229,773.683575473,0.0,0.0,0.0,0.0,0.0
1627560544236326696,1936.52724156,763.713362406,0.0,0.0,0.0,0.0,0.0
1627560544285204083,1936.72076161,758.788917316,0.0,0.0,0.0,0.0,0.0
1627560544340183155,1938.4161955,738.776963362,0.0,0.0,0.0,0.0,0.0
1627560544386555232,1934.65200688,728.733442115,0.0,0.0,0.0,0.0,0.0
1627560544434331721,1931.29504671,714.38114187,0.0,0.0,0.0,0.0,0.0
1627560544488880910,1927.47395622,703.548095477,0.0,0.0,0.0,0.0,0.0
1627560544538840221,1920.25786638,678.229282256,0.0,0.0,0.0,0.0,0.0
1627560544580440379,1916.58333576,663.109954165,0.0,0.0,0.0,0.0,0.0
1627560544639535237,1904.34407122,642.681947759,0.0,0.0,0.0,0.0,0.0
1627560544683458957,1896.20556284,632.229919827,0.0,0.0,0.0,0.0,0.0
1627560544736582592,1887.88620107,607.227736902,0.0,0.0,0.0,0.0,0.0
1627560544786348047,1875.46371643,596.391963494,0.0,0.0,0.0,0.0,0.0
1627560544840596714,1858.48266152,580.505784355,0.0,0.0,0.0,0.0,0.0
1627560544887910909,1845.36702026,570.04765678,0.0,0.0,0.0,0.0,0.0
1627560544931494672,1823.33306181,554.297033274,0.0,0.0,0.0,0.0,0.0
1627560544985779464,1805.20838589,548.945591941,0.0,0.0,0.0,0.0,0.0
1627560545044048623,1787.12650326,533.69570706,0.0,0.0,0.0,0.0,0.0
1627560545083622874,1769.48591774,527.783258806,0.0,0.0,0.0,0.0,0.0
1627560545136557963,1755.97668661,522.893151165,0.0,0.0,0.0,0.0,0.0
1627560545185261268,1742.0166142,522.32103368,0.0,0.0,0.0,0.0,0.0
1627560545235504573,1737.38781829,522.28196137,0.0,0.0,0.0,0.0,0.0
1627560545290735198,1733.03791529,517.008253341,0.0,0.0,0.0,0.0,0.0
1627560545338333287,1724.04876709,511.689290057,0.0,0.0,0.0,0.0,0.0
1627560545382074278,1714.77920442,511.610489508,0.0,0.0,0.0,0.0,0.0
1627560545433723861,1678.19214275,500.794374412,0.0,0.0,0.0,0.0,0.0
1627560545489382186,1655.31147362,495.742916366,0.0,0.0,0.0,0.0,0.0
1627560545540172002,1614.04907086,479.160257878,0.0,0.0,0.0,0.0,0.0
1627560545583129068,1586.31618317,473.633380663,0.0,0.0,0.0,0.0,0.0
1627560545636427619,1535.5782532,457.294586954,0.0,0.0,0.0,0.0,0.0
1627560545691923691,1507.71934721,451.738282152,0.0,0.0,0.0,0.0,0.0
1627560545736443470,1466.06759166,435.399279767,0.0,0.0,0.0,0.0,0.0
1627560545784046015,1450.96128458,436.870136324,0.0,0.0,0.0,0.0,0.0
1627560545839966838,1428.83495153,424.388869826,0.0,0.0,0.0,0.0,0.0
1627560545882319060,1419.45447214,424.304590943,0.0,0.0,0.0,0.0,0.0
1627560545943043559,1400.79529157,418.788437544,0.0,0.0,0.0,0.0,0.0
1627560545985709232,1396.10116567,418.746120046,0.0,0.0,0.0,0.0,0.0
1627560546033844797,1368.01846717,413.137714503,0.0,0.0,0.0,0.0,0.0
1627560546090968395,1358.7218009,413.301073858,0.0,0.0,0.0,0.0,0.0
1627560546138615048,1335.0546568,418.195786381,0.0,0.0,0.0,0.0,0.0
1627560546183724924,1315.12365994,420.053097386,0.0,0.0,0.0,0.0,0.0
1627560546235531196,1292.7667909,417.814561695,0.0,0.0,0.0,0.0,0.0
1627560546286378643,1278.62676252,423.039324892,0.0,0.0,0.0,0.0,0.0
1627560546337450703,1250.40964195,428.133178726,0.0,0.0,0.0,0.0,0.0
1627560546388645751,1236.3005597,433.348929053,0.0,0.0,0.0,0.0,0.0
1627560546435590162,1212.81244169,443.807811131,0.0,0.0,0.0,0.0,0.0
1627560546489698498,1198.91435299,454.659893775,0.0,0.0,0.0,0.0,0.0
1627560546537034665,1179.08523424,478.09882399,0.0,0.0,0.0,0.0,0.0
1627560546587388606,1166.02948676,480.564006027,0.0,0.0,0.0,0.0,0.0
1627560546635404598,1147.44330091,501.521900182,0.0,0.0,0.0,0.0,0.0
1627560546685088296,1138.17830429,511.969165691,0.0,0.0,0.0,0.0,0.0
1627560546736220736,1119.74920819,538.034147959,0.0,0.0,0.0,0.0,0.0
1627560546786445022,1110.5448317,548.407751343,0.0,0.0,0.0,0.0,0.0
1627560546841969029,1106.20981429,579.59122965,0.0,0.0,0.0,0.0,0.0
1627560546882896618,1101.68539088,589.917555379,0.0,0.0,0.0,0.0,0.0
1627560546934620619,1097.39600277,620.842175067,0.0,0.0,0.0,0.0,0.0
1627560546986461706,1097.56469976,636.250064651,0.0,0.0,0.0,0.0,0.0
1627560547039348426,1097.78880595,656.718735323,0.0,0.0,0.0,0.0,0.0
1627560547087747308,1097.90050792,666.921001203,0.0,0.0,0.0,0.0,0.0
1627560547134400315,1098.01197678,677.101976676,0.0,0.0,0.0,0.0,0.0
1627560547185513562,1098.06762403,682.184501326,0.0,0.0,0.0,0.0,0.0
1627560547241206553,1098.12321328,687.261728318,0.0,0.0,0.0,0.0,0.0
1627560547288011215,1098.12321328,687.261728318,0.0,0.0,0.0,0.0,0.0
1627560547332720034,1097.06400308,699.547092413,0.0,0.0,0.0,0.0,0.0
1627560547385140282,1098.40029263,712.56868756,0.0,0.0,0.0,0.0,0.0
1627560547435412455,1098.8406362,752.787335698,0.0,0.0,0.0,0.0,0.0
1627560547488386520,1103.60169944,772.803727906,0.0,0.0,0.0,0.0,0.0
1627560547539105707,1104.12142347,822.404476006,0.0,0.0,0.0,0.0,0.0
1627560547587408231,1104.32782041,842.102319789,0.0,0.0,0.0,0.0,0.0
1627560547634348915,1104.94196134,900.713905404,0.0,0.0,0.0,0.0,0.0
1627560547685274763,1105.19564163,924.924316091,0.0,0.0,0.0,0.0,0.0
1627560547737165950,1110.24251417,982.55585783,0.0,0.0,0.0,0.0,0.0
1627560547788098818,1110.57557587,1015.83680775,0.0,0.0,0.0,0.0,0.0
1627560547839359904,1112.14311049,1078.017759,0.0,0.0,0.0,0.0,0.0
1627560547882514484,1106.84065854,1107.3686364,0.0,0.0,0.0,0.0,0.0
1627560547935794628,1108.82586244,1166.20912634,0.0,0.0,0.0,0.0,0.0
1627560547984567403,1109.15318356,1198.02312077,0.0,0.0,0.0,0.0,0.0
1627560548035674484,1108.66355712,1255.89073917,0.0,0.0,0.0,0.0,0.0
1627560548085213208,1108.99242225,1287.27654323,0.0,0.0,0.0,0.0,0.0
1627560548139085345,1104.1005853,1350.38370376,0.0,0.0,0.0,0.0,0.0
1627560548188413397,1105.70938829,1380.14274249,0.0,0.0,0.0,0.0,0.0
1627560548234057314,1102.09880828,1436.6881343,0.0,0.0,0.0,0.0,0.0
1627560548284560964,1103.89097303,1467.71164431,0.0,0.0,0.0,0.0,0.0
1627560548336757337,1097.68993631,1531.50625722,0.0,0.0,0.0,0.0,0.0
1627560548386429904,1099.33911676,1560.33670723,0.0,0.0,0.0,0.0,0.0
1627560548436350747,1094.52880486,1615.24147434,0.0,0.0,0.0,0.0,0.0
1627560548486003544,1091.95807705,1635.37823291,0.0,0.0,0.0,0.0,0.0
1627560548540309831,1092.27551227,1660.11731951,0.0,0.0,0.0,0.0,0.0
1627560548587306851,1088.259414,1668.3249816,0.0,0.0,0.0,0.0,0.0
1627560548632807453,1084.47590208,1692.87256575,0.0,0.0,0.0,0.0,0.0
1627560548685566891,1080.48172172,1701.02012271,0.0,0.0,0.0,0.0,0.0
1627560548741635721,1068.5427062,1725.37400768,0.0,0.0,0.0,0.0,0.0
1627560548787908314,1064.70777805,1741.54235798,0.0,0.0,0.0,0.0,0.0
1627560548835235554,1052.86578047,1765.67570739,0.0,0.0,0.0,0.0,0.0
1627560548884623751,1049.00483618,1777.69593783,0.0,0.0,0.0,0.0,0.0
1627560548935475802,1029.13053171,1801.6244199,0.0,0.0,0.0,0.0,0.0
1627560548988405824,1021.26109973,1813.54323106,0.0,0.0,0.0,0.0,0.0
1627560549039743215,1001.44572607,1833.33084426,0.0,0.0,0.0,0.0,0.0
1627560549082271921,989.598019378,1845.16195283,0.0,0.0,0.0,0.0,0.0
1627560549135318030,965.885988403,1864.80865737,0.0,0.0,0.0,0.0,0.0
1627560549186533734,958.042347247,1872.64481935,0.0,0.0,0.0,0.0,0.0
1627560549236662404,934.346045286,1888.27117815,0.0,0.0,0.0,0.0,0.0
1627560549287214163,918.374987789,1892.1633411,0.0,0.0,0.0,0.0,0.0
1627560549337433499,893.279900144,1900.12695709,0.0,0.0,0.0,0.0,0.0
1627560549389681821,878.572882359,1903.82716654,0.0,0.0,0.0,0.0,0.0
1627560549432783005,854.767142488,1911.58961496,0.0,0.0,0.0,0.0,0.0
1627560549482783373,840.102246205,1911.94852124,0.0,0.0,0.0,0.0,0.0
1627560549540935579,810.380531618,1907.68037063,0.0,0.0,0.0,0.0,0.0
1627560549589855927,797.194891377,1907.85986855,0.0,0.0,0.0,0.0,0.0
1627560549632324253,778.006695733,1903.77218859,0.0,0.0,0.0,0.0,0.0
1627560549683684996,769.75768182,1899.87274819,0.0,0.0,0.0,0.0,0.0
1627560549735012771,760.435380907,1896.18624296,0.0,0.0,0.0,0.0,0.0
1627560549791017878,753.323655488,1892.34358091,0.0,0.0,0.0,0.0,0.0
1627560549838412506,749.203053591,1892.0596176,0.0,0.0,0.0,0.0,0.0
1627560549882197936,747.714392254,1888.39626104,0.0,0.0,0.0,0.0,0.0
1627560549936876242,736.678491569,1884.23568751,0.0,0.0,0.0,0.0,0.0
1627560549989823277,728.169444272,1876.39916704,0.0,0.0,0.0,0.0,0.0
1627560550037591668,715.599695028,1868.54452131,0.0,0.0,0.0,0.0,0.0
1627560550081714480,714.114340109,1864.90558971,0.0,0.0,0.0,0.0,0.0
1627560550139499659,698.491193831,1852.79540718,0.0,0.0,0.0,0.0,0.0
1627560550189113594,689.912136687,1844.89801461,0.0,0.0,0.0,0.0,0.0
1627560550234793426,684.116709995,1837.33150205,0.0,0.0,0.0,0.0,0.0
1627560550284252188,677.012407711,1833.02325706,0.0,0.0,0.0,0.0,0.0
1627560550340965779,672.458698552,1825.09161354,0.0,0.0,0.0,0.0,0.0
1627560550382386173,668.144175667,1821.11809621,0.0,0.0,0.0,0.0,0.0
1627560550435751087,650.587881283,1801.19719259,0.0,0.0,0.0,0.0,0.0
1627560550485162626,637.562301061,1789.19563362,0.0,0.0,0.0,0.0,0.0
1627560550543076404,609.547814911,1757.5143328,0.0,0.0,0.0,0.0,0.0
1627560550584581836,588.900914653,1736.79369239,0.0,0.0,0.0,0.0,0.0
1627560550635049206,559.545011146,1701.45838609,0.0,0.0,0.0,0.0,0.0
1627560550687190148,539.308363776,1679.62150563,0.0,0.0,0.0,0.0,0.0
1627560550738587543,498.71068039,1638.29386361,0.0,0.0,0.0,0.0,0.0
1627560550787030006,480.348177526,1617.4813592,0.0,0.0,0.0,0.0,0.0
1627560550834273123,456.646512193,1583.98139816,0.0,0.0,0.0,0.0,0.0
1627560550885737771,447.222194881,1576.71822851,0.0,0.0,0.0,0.0,0.0
1627560550938985681,432.758412294,1550.2179303,0.0,0.0,0.0,0.0,0.0
1627560550986255224,427.18139788,1538.78282459,0.0,0.0,0.0,0.0,0.0
1627560551032445750,416.753750225,1511.9458679,0.0,0.0,0.0,0.0,0.0
1627560551084587331,406.772196093,1494.82012561,0.0,0.0,0.0,0.0,0.0
1627560551141989392,400.221346078,1469.03038814,0.0,0.0,0.0,0.0,0.0
1627560551187391796,394.804709107,1456.07257611,0.0,0.0,0.0,0.0,0.0
1627560551232970133,394.565922238,1426.6151653,0.0,0.0,0.0,0.0,0.0
1627560551284839439,387.004563588,1416.99785041,0.0,0.0,0.0,0.0,0.0
1627560551338470838,385.41853411,1399.52770084,0.0,0.0,0.0,0.0,0.0
1627560551387734116,385.021064962,1395.14956943,0.0,0.0,0.0,0.0,0.0
1627560551432782586,383.826340279,1381.98965078,0.0,0.0,0.0,0.0,0.0
1627560551485565281,379.536902218,1381.97462418,0.0,0.0,0.0,0.0,0.0
1627560551542521288,383.02792049,1373.19503924,0.0,0.0,0.0,0.0,0.0
1627560551583822154,383.02792049,1373.19503924,0.0,0.0,0.0,0.0,0.0
1627560551635898068,383.02792049,1373.19503924,0.0,0.0,0.0,0.0,0.0
1627560551688810433,382.944420684,1375.00678969,0.0,0.0,0.0,0.0,0.0
1627560551738293131,383.02792049,1373.19503924,0.0,0.0,0.0,0.0,0.0
1627560551783181810,383.02792049,1373.19503924,0.0,0.0,0.0,0.0,0.0
1627560551833614021,382.227946087,1364.38330361,0.0,0.0,0.0,0.0,0.0
1627560551890009395,381.426412527,1355.55439381,0.0,0.0,0.0,0.0,0.0
1627560551939183497,378.204595184,1320.06600492,0.0,0.0,0.0,0.0,0.0
1627560551982660159,376.178123098,1297.74437033,0.0,0.0,0.0,0.0,0.0
1627560552034625237,372.095221088,1252.7711149,0.0,0.0,0.0,0.0,0.0
1627560552085108979,369.626107869,1225.5737785,0.0,0.0,0.0,0.0,0.0
1627560552140029367,364.672417672,1173.14661063,0.0,0.0,0.0,0.0,0.0
1627560552184342073,362.130116133,1143.00526468,0.0,0.0,0.0,0.0,0.0
1627560552235387403,357.13335524,1089.85872526,0.0,0.0,0.0,0.0,0.0
1627560552285565084,354.498335923,1058.94103784,0.0,0.0,0.0,0.0,0.0
1627560552339437375,348.899950064,997.274694493,0.0,0.0,0.0,0.0,0.0
1627560552382808633,351.211055046,973.366174203,0.0,0.0,0.0,0.0,0.0
1627560552435349902,347.729739805,934.818060029,0.0,0.0,0.0,0.0,0.0
1627560552486801787,346.854969123,925.131847267,0.0,0.0,0.0,0.0,0.0
1627560552541640571,348.896267799,899.334213261,0.0,0.0,0.0,0.0,0.0
1627560552588487769,352.388410493,886.245572318,0.0,0.0,0.0,0.0,0.0
1627560552633616360,354.298618089,856.858922556,0.0,0.0,0.0,0.0,0.0
1627560552685898883,357.530936548,842.113005343,0.0,0.0,0.0,0.0,0.0
1627560552736852976,369.128396047,821.037744881,0.0,0.0,0.0,0.0,0.0
1627560552789366750,372.283569146,802.61201459,0.0,0.0,0.0,0.0,0.0
1627560552833011934,383.851902515,777.777602279,0.0,0.0,0.0,0.0,0.0
1627560552881958421,387.579689544,767.802456515,0.0,0.0,0.0,0.0,0.0
1627560552940913134,390.954329547,756.502667346,0.0,0.0,0.0,0.0,0.0
1627560552987073241,396.052358337,748.567381435,0.0,0.0,0.0,0.0,0.0
1627560553031576227,402.566549659,727.699276525,0.0,0.0,0.0,0.0,0.0
1627560553084141571,410.520186193,712.593262862,0.0,0.0,0.0,0.0,0.0
1627560553141853947,421.472215566,677.109805686,0.0,0.0,0.0,0.0,0.0
1627560553187585011,429.088623627,656.729140157,0.0,0.0,0.0,0.0,0.0
1627560553233451869,445.147992304,630.020286545,0.0,0.0,0.0,0.0,0.0
1627560553285020899,444.41530259,615.716642516,0.0,0.0,0.0,0.0,0.0
1627560553336113561,457.17799317,600.305375625,0.0,0.0,0.0,0.0,0.0
1627560553385895197,456.690801149,599.169830652,0.0,0.0,0.0,0.0,0.0
1627560553441740041,460.928968032,589.515382928,0.0,0.0,0.0,0.0,0.0
1627560553486266057,460.655419024,584.77287822,0.0,0.0,0.0,0.0,0.0
1627560553531755982,460.262128791,579.572090837,0.0,0.0,0.0,0.0,0.0
1627560553588113388,464.926572519,579.609663479,0.0,0.0,0.0,0.0,0.0
1627560553640494632,464.926572519,579.609663479,0.0,0.0,0.0,0.0,0.0
1627560553681719153,464.926572519,579.609663479,0.0,0.0,0.0,0.0,0.0
1627560553734676825,473.868444046,574.478987575,0.0,0.0,0.0,0.0,0.0
1627560553785950367,477.765806197,564.088863146,0.0,0.0,0.0,0.0,0.0
1627560553839076812,495.321443962,548.55967288,0.0,0.0,0.0,0.0,0.0
1627560553883108301,508.245180308,532.945334993,0.0,0.0,0.0,0.0,0.0
1627560553941485858,534.923742538,512.131794733,0.0,0.0,0.0,0.0,0.0
1627560553986929798,547.952707431,496.407659303,0.0,0.0,0.0,0.0,0.0
1627560554033088798,573.79251603,459.490433514,0.0,0.0,0.0,0.0,0.0
1627560554085077020,591.341326804,438.29980723,0.0,0.0,0.0,0.0,0.0
1627560554142040870,626.654188132,395.658647264,0.0,0.0,0.0,0.0,0.0
1627560554186792104,639.971067854,379.578183175,0.0,0.0,0.0,0.0,0.0
1627560554231876387,662.951248112,347.361320732,0.0,0.0,0.0,0.0,0.0
1627560554283675541,671.280416794,341.960468804,0.0,0.0,0.0,0.0,0.0
1627560554341555747,675.397128799,330.993907604,0.0,0.0,0.0,0.0,0.0
1627560554385751912,679.884124049,325.572761732,0.0,0.0,0.0,0.0,0.0
1627560554433094874,684.093623286,314.66799172,0.0,0.0,0.0,0.0,0.0
1627560554487828244,688.87197969,314.713718256,0.0,0.0,0.0,0.0,0.0
1627560554533273029,702.040883486,308.05969797,0.0,0.0,0.0,0.0,0.0
1627560554590316536,711.69082194,292.97479303,0.0,0.0,0.0,0.0,0.0
1627560554638252191,734.858599198,276.671043675,0.0,0.0,0.0,0.0,0.0
1627560554681309311,743.944454247,265.711724661,0.0,0.0,0.0,0.0,0.0
1627560554732341657,762.414086291,249.2779472,0.0,0.0,0.0,0.0,0.0
1627560554784265925,766.980595942,243.77287283,0.0,0.0,0.0,0.0,0.0
1627560554840669719,771.551842851,238.262087544,0.0,0.0,0.0,0.0,0.0
1627560554887310075,775.893558147,227.174853891,0.0,0.0,0.0,0.0,0.0
1627560554932216643,780.708577957,227.223348639,0.0,0.0,0.0,0.0,0.0
1627560554991798219,785.294080952,221.695377182,0.0,0.0,0.0,0.0,0.0
1627560555036201686,799.523107215,216.259347251,0.0,0.0,0.0,0.0,0.0
1627560555082091730,799.523107215,216.259347251,0.0,0.0,0.0,0.0,0.0
1627560555136736741,818.374727398,205.273731453,0.0,0.0,0.0,0.0,0.0
1627560555187544523,828.020894202,205.372107313,0.0,0.0,0.0,0.0,0.0
1627560555237563980,842.091004477,194.315977058,0.0,0.0,0.0,0.0,0.0
1627560555282722769,842.091004477,194.315977058,0.0,0.0,0.0,0.0,0.0
1627560555333931223,851.745122244,194.415048488,0.0,0.0,0.0,0.0,0.0
1627560555390905272,856.380836784,188.854069049,0.0,0.0,0.0,0.0,0.0
1627560555437251876,865.85282301,183.337180909,0.0,0.0,0.0,0.0,0.0
1627560555481017452,874.630496704,187.356647587,0.0,0.0,0.0,0.0,0.0
1627560555533522913,889.827099855,183.293768177,0.0,0.0,0.0,0.0,0.0
1627560555590460442,904.329983057,178.115175272,0.0,0.0,0.0,0.0,0.0
1627560555639753766,923.50086667,172.688879214,0.0,0.0,0.0,0.0,0.0
1627560555682891673,933.167204591,172.789310619,0.0,0.0,0.0,0.0,0.0
1627560555734380260,957.328401382,173.040340838,0.0,0.0,0.0,0.0,0.0
1627560555793435867,966.809549396,172.819803466,0.0,0.0,0.0,0.0,0.0
1627560555836150360,996.08703831,179.065578964,0.0,0.0,0.0,0.0,0.0
1627560555882720188,1004.71240845,182.645815706,0.0,0.0,0.0,0.0,0.0
1627560555938126308,1020.31887987,184.932178843,0.0,0.0,0.0,0.0,0.0
1627560555989166409,1029.96400301,185.031773225,0.0,0.0,0.0,0.0,0.0
1627560556036882921,1034.879279,190.691526244,0.0,0.0,0.0,0.0,0.0
1627560556082659990,1039.55324432,190.467400692,0.0,0.0,0.0,0.0,0.0
1627560556137679180,1038.64196462,194.079090511,0.0,0.0,0.0,0.0,0.0
1627560556191662134,1043.45748308,194.112038801,0.0,0.0,0.0,0.0,0.0
1627560556236147636,1046.73535713,190.488606671,0.0,0.0,0.0,0.0,0.0
1627560556287655871,1044.51752616,190.790742049,0.0,0.0,0.0,0.0,0.0
1627560556339871919,1039.69853472,190.741135506,0.0,0.0,0.0,0.0,0.0
1627560556385758381,1039.69853472,190.741135506,0.0,0.0,0.0,0.0,0.0
1627560556440239642,1054.15471632,190.889946973,0.0,0.0,0.0,0.0,0.0
1627560556482568165,1063.79084967,190.989141018,0.0,0.0,0.0,0.0,0.0
1627560556534364770,1092.81550539,202.483824407,0.0,0.0,0.0,0.0,0.0
1627560556588745069,1112.15846032,213.851923058,0.0,0.0,0.0,0.0,0.0
1627560556640155166,1160.2402493,225.483543154,0.0,0.0,0.0,0.0,0.0
1627560556681623040,1187.8961739,234.085109963,0.0,0.0,0.0,0.0,0.0
1627560556734118044,1241.66677863,248.508701786,0.0,0.0,0.0,0.0,0.0
1627560556785163589,1265.50677699,259.810068631,0.0,0.0,0.0,0.0,0.0
1627560556837612430,1322.66448856,271.412602211,0.0,0.0,0.0,0.0,0.0
1627560556891318500,1351.10347153,282.702900148,0.0,0.0,0.0,0.0,0.0
1627560556934206450,1407.87903161,299.72378559,0.0,0.0,0.0,0.0,0.0
1627560556985082684,1435.06353494,312.752584254,0.0,0.0,0.0,0.0,0.0
1627560557037728360,1492.55113667,327.854752532,0.0,0.0,0.0,0.0,0.0
1627560557087770930,1520.59879364,339.003328434,0.0,0.0,0.0,0.0,0.0
1627560557135820465,1581.19831108,361.261866003,0.0,0.0,0.0,0.0,0.0
1627560557184883622,1607.81116401,372.510469252,0.0,0.0,0.0,0.0,0.0
1627560557235932656,1650.09037997,384.547858117,0.0,0.0,0.0,0.0,0.0
1627560557285137730,1660.04458649,388.961471374,0.0,0.0,0.0,0.0,0.0
1627560557339531109,1678.56963799,394.5063784,0.0,0.0,0.0,0.0,0.0
1627560557384143051,1692.12182255,405.36150604,0.0,0.0,0.0,0.0,0.0
1627560557436339383,1714.03821868,422.443486705,0.0,0.0,0.0,0.0,0.0
1627560557485703665,1723.80726849,427.039047547,0.0,0.0,0.0,0.0,0.0
1627560557537704393,1750.9740393,443.262405046,0.0,0.0,0.0,0.0,0.0
1627560557585519545,1759.71304359,453.964020706,0.0,0.0,0.0,0.0,0.0
1627560557636442059,1777.1326068,475.29568095,0.0,0.0,0.0,0.0,0.0
1627560557686994159,1785.81329586,485.925884908,0.0,0.0,0.0,0.0,0.0
1627560557736515751,1803.1168121,507.115436279,0.0,0.0,0.0,0.0,0.0
1627560557786805073,1811.47737365,523.362596968,0.0,0.0,0.0,0.0,0.0
1627560557836936303,1823.33306181,554.297033274,0.0,0.0,0.0,0.0,0.0
1627560557886768598,1826.96002972,569.897210381,0.0,0.0,0.0,0.0,0.0
1627560557938079991,1834.06481891,596.17110972,0.0,0.0,0.0,0.0,0.0
1627560557986715661,1838.43442341,606.128197282,0.0,0.0,0.0,0.0,0.0
1627560558037468429,1842.01797241,621.562545607,0.0,0.0,0.0,0.0,0.0
1627560558085858238,1841.68499247,626.684426519,0.0,0.0,0.0,0.0,0.0
1627560558136408749,1850.1599096,636.983356127,0.0,0.0,0.0,0.0,0.0
1627560558187657705,1845.59011187,636.947753054,0.0,0.0,0.0,0.0,0.0
1627560558237662024,1849.48688328,647.189139645,0.0,0.0,0.0,0.0,0.0
1627560558287003408,1849.48688328,647.189139645,0.0,0.0,0.0,0.0,0.0
1627560558337547788,1849.48688328,647.189139645,0.0,0.0,0.0,0.0,0.0
1627560558385958273,1849.48688328,647.189139645,0.0,0.0,0.0,0.0,0.0
1627560558437277259,1849.1508962,652.284053936,0.0,0.0,0.0,0.0,0.0
1627560558485646873,1852.70037946,667.571681081,0.0,0.0,0.0,0.0,0.0
1627560558536531971,1859.76565727,698.001838095,0.0,0.0,0.0,0.0,0.0
1627560558585464206,1863.28155824,713.144826288,0.0,0.0,0.0,0.0,0.0
1627560558638010341,1877.92760808,763.299059604,0.0,0.0,0.0,0.0,0.0
1627560558685837543,1880.34867773,793.096001683,0.0,0.0,0.0,0.0,0.0
1627560558738364269,1890.31279664,842.387733118,0.0,0.0,0.0,0.0,0.0
1627560558786124615,1896.84001055,871.835551436,0.0,0.0,0.0,0.0,0.0
1627560558836287025,1910.64803912,929.852908229,0.0,0.0,0.0,0.0,0.0
1627560558887814677,1917.34300393,958.649037429,0.0,0.0,0.0,0.0,0.0
1627560558936781932,1930.61005693,1015.71278353,0.0,0.0,0.0,0.0,0.0
1627560558985802315,1937.18289456,1043.98362394,0.0,0.0,0.0,0.0,0.0
1627560559035160193,1946.22931187,1095.35314458,0.0,0.0,0.0,0.0,0.0
1627560559085491149,1944.75767728,1113.86804774,0.0,0.0,0.0,0.0,0.0
1627560559135458758,1955.54720196,1141.5667716,0.0,0.0,0.0,0.0,0.0
1627560559186869753,1954.80513895,1150.74126335,0.0,0.0,0.0,0.0,0.0
1627560559240304272,1953.32540472,1169.03594896,0.0,0.0,0.0,0.0,0.0
1627560559285743936,1951.85149739,1187.25859374,0.0,0.0,0.0,0.0,0.0
1627560559336183094,1954.31376981,1209.955653,0.0,0.0,0.0,0.0,0.0
1627560559390272760,1953.57839505,1218.99532243,0.0,0.0,0.0,0.0,0.0
1627560559439350403,1952.11196567,1237.02155552,0.0,0.0,0.0,0.0,0.0
1627560559482666225,1951.74625528,1241.51708798,0.0,0.0,0.0,0.0,0.0
1627560559537328292,1950.65126834,1254.97732687,0.0,0.0,0.0,0.0,0.0
1627560559589462345,1953.82865759,1268.41602604,0.0,0.0,0.0,0.0,0.0
1627560559638302775,1950.55382085,1308.44278965,0.0,0.0,0.0,0.0,0.0
1627560559681182865,1948.74680953,1330.52902497,0.0,0.0,0.0,0.0,0.0
1627560559736684712,1949.01978342,1378.75900478,0.0,0.0,0.0,0.0,0.0
1627560559787627785,1946.71220473,1404.79115608,0.0,0.0,0.0,0.0,0.0
1627560559838886692,1946.44504005,1460.85693239,0.0,0.0,0.0,0.0,0.0
1627560559882818804,1948.13895207,1490.73587599,0.0,0.0,0.0,0.0,0.0
1627560559937043199,1943.56703779,1545.6766266,0.0,0.0,0.0,0.0,0.0
1627560559989258515,1945.60382437,1570.81675282,0.0,0.0,0.0,0.0,0.0
1627560560035443417,1942.64327592,1604.05761316,0.0,0.0,0.0,0.0,0.0
1627560560086863398,1941.77932189,1616.51971973,0.0,0.0,0.0,0.0,0.0
1627560560139533191,1939.7098255,1641.25028941,0.0,0.0,0.0,0.0,0.0
1627560560185099975,1934.58986147,1653.55546573,0.0,0.0,0.0,0.0,0.0
1627560560234942107,1928.47072808,1678.07182425,0.0,0.0,0.0,0.0,0.0
1627560560284947739,1923.3874004,1690.27548216,0.0,0.0,0.0,0.0,0.0
1627560560338834476,1908.87353079,1718.61643519,0.0,0.0,0.0,0.0,0.0
1627560560383930619,1903.84006388,1730.70927826,0.0,0.0,0.0,0.0,0.0
1627560560437161289,1889.44074013,1754.78134481,0.0,0.0,0.0,0.0,0.0
1627560560482871591,1880.74402698,1766.77952778,0.0,0.0,0.0,0.0,0.0
1627560560538027972,1858.73536994,1790.65695717,0.0,0.0,0.0,0.0,0.0
1627560560590844105,1853.81023841,1802.5551623,0.0,0.0,0.0,0.0,0.0
1627560560633857037,1832.88714034,1818.73511321,0.0,0.0,0.0,0.0,0.0
1627560560684621013,1819.91905976,1826.23113872,0.0,0.0,0.0,0.0,0.0
1627560560738216504,1794.74959863,1841.94530227,0.0,0.0,0.0,0.0,0.0
1627560560786014443,1782.92555588,1846.18944272,0.0,0.0,0.0,0.0,0.0
1627560560840995625,1757.65956199,1857.59658005,0.0,0.0,0.0,0.0,0.0
1627560560881586130,1741.71905633,1865.69582304,0.0,0.0,0.0,0.0,0.0
1627560560934846519,1716.16887129,1869.32773242,0.0,0.0,0.0,0.0,0.0
1627560560985502444,1708.92922567,1869.28609451,0.0,0.0,0.0,0.0,0.0
1627560561041047880,1696.70719771,1873.17980781,0.0,0.0,0.0,0.0,0.0
1627560561086865064,1692.70948744,1873.17691241,0.0,0.0,0.0,0.0,0.0
1627560561130066183,1680.71526129,1873.16822542,0.0,0.0,0.0,0.0,0.0
1627560561183775700,1668.50778973,1877.05928043,0.0,0.0,0.0,0.0,0.0
1627560561234566034,1636.32845856,1880.93373815,0.0,0.0,0.0,0.0,0.0
1627560561288466151,1616.15497992,1884.81396051,0.0,0.0,0.0,0.0,0.0
1627560561337926011,1571.68812451,1896.44817049,0.0,0.0,0.0,0.0,0.0
1627560561382238774,1543.73706837,1896.4316526,0.0,0.0,0.0,0.0,0.0
1627560561437146512,1487.5505591,1904.16008503,0.0,0.0,0.0,0.0,0.0
1627560561486838514,1463.47414538,1908.02296902,0.0,0.0,0.0,0.0,0.0
1627560561538220189,1403.39526987,1915.73561224,0.0,0.0,0.0,0.0,0.0
1627560561583782993,1375.37664123,1919.58956368,0.0,0.0,0.0,0.0,0.0
1627560561637804491,1314.08484489,1927.36367316,0.0,0.0,0.0,0.0,0.0
1627560561687040314,1287.39354778,1934.99149718,0.0,0.0,0.0,0.0,0.0
1627560561740466122,1227.54524545,1942.67206701,0.0,0.0,0.0,0.0,0.0
1627560561785967763,1199.63709198,1942.66295438,0.0,0.0,0.0,0.0,0.0
1627560561837270607,1134.5090649,1950.40268672,0.0,0.0,0.0,0.0,0.0
1627560561884121813,1104.06740257,1958.00616478,0.0,0.0,0.0,0.0,0.0
1627560561941588107,1044.27772391,1957.9918741,0.0,0.0,0.0,0.0,0.0
1627560561984809904,1012.54752758,1965.65462076,0.0,0.0,0.0,0.0,0.0
1627560562036198037,955.663318984,1973.34803919,0.0,0.0,0.0,0.0,0.0
1627560562093876670,925.083631894,1973.29780142,0.0,0.0,0.0,0.0,0.0
1627560562137748203,865.587671139,1980.93778454,0.0,0.0,0.0,0.0,0.0
1627560562184090188,829.71878895,1980.93389818,0.0,0.0,0.0,0.0,0.0
1627560562235053645,774.283475011,1988.56706319,0.0,0.0,0.0,0.0,0.0
1627560562291883472,738.4097632,1988.56473316,0.0,0.0,0.0,0.0,0.0
1627560562338074701,706.735112358,1992.37855661,0.0,0.0,0.0,0.0,0.0
1627560562383106562,646.278865017,1996.19841273,0.0,0.0,0.0,0.0,0.0
1627560562436065275,610.45687056,1996.19789755,0.0,0.0,0.0,0.0,0.0
1627560562487452284,595.320509318,1996.18858645,0.0,0.0,0.0,0.0,0.0
1627560562533377522,575.085034077,1992.37285866,0.0,0.0,0.0,0.0,0.0
1627560562591125816,558.696845703,1996.19715315,0.0,0.0,0.0,0.0,0.0
1627560562638287824,534.84888195,1988.55151172,0.0,0.0,0.0,0.0,0.0
1627560562682230953,522.55100664,1984.72739181,0.0,0.0,0.0,0.0,0.0
1627560562736946093,493.364363066,1977.12578861,0.0,0.0,0.0,0.0,0.0
1627560562788636541,481.246344914,1969.39235161,0.0,0.0,0.0,0.0,0.0
1627560562838115271,456.178174333,1957.85130898,0.0,0.0,0.0,0.0,0.0
1627560562881556893,443.789029057,1953.99554354,0.0,0.0,0.0,0.0,0.0
1627560562934281261,417.896450715,1934.66944009,0.0,0.0,0.0,0.0,0.0
1627560562991390377,408.753209693,1923.03166949,0.0,0.0,0.0,0.0,0.0
1627560563039686896,390.761712653,1903.56048786,0.0,0.0,0.0,0.0,0.0
1627560563081758277,381.545096171,1891.83419742,0.0,0.0,0.0,0.0,0.0
1627560563134972138,370.058399808,1865.02448552,0.0,0.0,0.0,0.0,0.0
1627560563185358785,361.481882249,1852.51369666,0.0,0.0,0.0,0.0,0.0
1627560563242469283,358.539219841,1829.11075409,0.0,0.0,0.0,0.0,0.0
1627560563284470039,356.933304284,1813.22610628,0.0,0.0,0.0,0.0,0.0
1627560563334369898,353.638028441,1782.02467496,0.0,0.0,0.0,0.0,0.0
1627560563385682862,355.939183492,1767.47950279,0.0,0.0,0.0,0.0,0.0
1627560563437795023,359.099085607,1744.55499488,0.0,0.0,0.0,0.0,0.0
1627560563489682787,362.038898709,1732.39696265,0.0,0.0,0.0,0.0,0.0
1627560563533969364,368.726125387,1716.13846468,0.0,0.0,0.0,0.0,0.0
1627560563585299859,371.936433544,1708.82054471,0.0,0.0,0.0,0.0,0.0
1627560563641741697,375.437806931,1699.82051015,0.0,0.0,0.0,0.0,0.0
1627560563687156464,379.029885308,1696.60037386,0.0,0.0,0.0,0.0,0.0
1627560563733901212,382.946078965,1691.64637652,0.0,0.0,0.0,0.0,0.0
1627560563785579038,386.321011953,1683.45021349,0.0,0.0,0.0,0.0,0.0
1627560563837979685,394.233623641,1679.35781023,0.0,0.0,0.0,0.0,0.0
1627560563883195119,400.65962584,1671.76251844,0.0,0.0,0.0,0.0,0.0
1627560563939301645,416.474336139,1663.56457363,0.0,0.0,0.0,0.0,0.0
1627560563987595525,421.427614658,1658.81964694,0.0,0.0,0.0,0.0,0.0
1627560564032888677,436.60665073,1642.31073203,0.0,0.0,0.0,0.0,0.0
1627560564083526863,444.575535829,1638.18279725,0.0,0.0,0.0,0.0,0.0
1627560564137460433,464.352491209,1625.76907625,0.0,0.0,0.0,0.0,0.0
1627560564186986491,472.346931577,1621.62698078,0.0,0.0,0.0,0.0,0.0
1627560564239038195,496.575687229,1618.5247102,0.0,0.0,0.0,0.0,0.0
1627560564281356032,508.900672288,1609.20729466,0.0,0.0,0.0,0.0,0.0
1627560564333756012,533.954432977,1609.26283286,0.0,0.0,0.0,0.0,0.0
1627560564391520005,546.166974235,1605.11688498,0.0,0.0,0.0,0.0,0.0
1627560564438542994,575.09902538,1601.00543214,0.0,0.0,0.0,0.0,0.0
1627560564481923220,583.452675965,1601.02434595,0.0,0.0,0.0,0.0,0.0
1627560564536202587,595.981666973,1601.05271329,0.0,0.0,0.0,0.0,0.0
1627560564587275547,604.333337895,1601.07162261,0.0,0.0,0.0,0.0,0.0
1627560564640140471,625.483320071,1605.29458831,0.0,0.0,0.0,0.0,0.0
1627560564687517373,646.608288537,1609.51255957,0.0,0.0,0.0,0.0,0.0
1627560564731888929,688.539498484,1613.77123035,0.0,0.0,0.0,0.0,0.0
1627560564784303491,709.365782449,1613.81690462,0.0,0.0,0.0,0.0,0.0
1627560564835972621,768.065776533,1622.26155381,0.0,0.0,0.0,0.0,0.0
1627560564886894375,791.956391329,1623.09728478,0.0,0.0,0.0,0.0,0.0
1627560564933857153,847.370836069,1630.7282597,0.0,0.0,0.0,0.0,0.0
1627560564989442263,876.573591404,1634.93127332,0.0,0.0,0.0,0.0,0.0
1627560565034098664,934.740783488,1639.18844474,0.0,0.0,0.0,0.0,0.0
1627560565089834695,963.846139459,1643.38005345,0.0,0.0,0.0,0.0,0.0
1627560565138705343,988.778679807,1647.55804997,0.0,0.0,0.0,0.0,0.0
1627560565182101270,1050.9407985,1655.92299335,0.0,0.0,0.0,0.0,0.0
1627560565236456786,1112.94257772,1664.2663604,0.0,0.0,0.0,0.0,0.0
1627560565285250780,1137.7048152,1668.41831579,0.0,0.0,0.0,0.0,0.0
1627560565335134331,1183.02566251,1676.69949469,0.0,0.0,0.0,0.0,0.0
1627560565391559856,1194.03786306,1677.14174779,0.0,0.0,0.0,0.0,0.0
1627560565431968718,1220.03050948,1680.85882166,0.0,0.0,0.0,0.0,0.0
1627560565483694080,1228.24943584,1680.8737608,0.0,0.0,0.0,0.0,0.0
1627560565535113509,1244.68498038,1680.90363491,0.0,0.0,0.0,0.0,0.0
1627560565584077484,1252.90159878,1680.91856986,0.0,0.0,0.0,0.0,0.0
1627560565638802225,1268.02407936,1681.31740298,0.0,0.0,0.0,0.0,0.0
1627560565687241927,1280.3504439,1681.33229872,0.0,0.0,0.0,0.0,0.0
1627560565734484582,1306.29087631,1681.01561299,0.0,0.0,0.0,0.0,0.0
1627560565784596858,1317.37638352,1677.29270626,0.0,0.0,0.0,0.0,0.0
1627560565840929746,1343.36324884,1672.90251161,0.0,0.0,0.0,0.0,0.0
1627560565886696462,1354.49767569,1669.15915794,0.0,0.0,0.0,0.0,0.0
1627560565933759715,1380.49679953,1661.63234209,0.0,0.0,0.0,0.0,0.0
1627560565989274012,1393.08256154,1652.48262065,0.0,0.0,0.0,0.0,0.0
1627560566041457051,1413.94949972,1640.17161327,0.0,0.0,0.0,0.0,0.0
1627560566082353815,1422.39313952,1631.93506687,0.0,0.0,0.0,0.0,0.0
1627560566135145967,1447.70028782,1611.28838933,0.0,0.0,0.0,0.0,0.0
1627560566186451815,1457.17968849,1603.71528805,0.0,0.0,0.0,0.0,0.0
1627560566240520180,1469.22879126,1582.19547924,0.0,0.0,0.0,0.0,0.0
1627560566288491468,1477.90451695,1569.66876884,0.0,0.0,0.0,0.0,0.0
1627560566334914810,1491.16645934,1544.50116212,0.0,0.0,0.0,0.0,0.0
1627560566386708258,1495.6034758,1536.08089592,0.0,0.0,0.0,0.0,0.0
1627560566440359690,1500.75202358,1506.45738801,0.0,0.0,0.0,0.0,0.0
1627560566485113905,1504.26737162,1494.08268065,0.0,0.0,0.0,0.0,0.0
1627560566537576979,1506.36721667,1463.79075179,0.0,0.0,0.0,0.0,0.0
1627560566589367810,1505.71359105,1451.31588119,0.0,0.0,0.0,0.0,0.0
1627560566636644429,1503.45542759,1425.01558512,0.0,0.0,0.0,0.0,0.0
1627560566687725332,1499.66391087,1412.00601284,0.0,0.0,0.0,0.0,0.0
1627560566736041588,1492.04737934,1385.87192859,0.0,0.0,0.0,0.0,0.0
1627560566790911123,1484.11529492,1368.35332667,0.0,0.0,0.0,0.0,0.0
1627560566833855925,1467.77310661,1346.3333127,0.0,0.0,0.0,0.0,0.0
1627560566885432783,1459.50920753,1337.48773982,0.0,0.0,0.0,0.0,0.0
1627560566936768076,1443.04668321,1315.31137537,0.0,0.0,0.0,0.0,0.0
1627560566992149995,1430.45239192,1306.38569254,0.0,0.0,0.0,0.0,0.0
1627560567032937465,1403.90653202,1293.61780517,0.0,0.0,0.0,0.0,0.0
1627560567084104903,1399.81213036,1284.69513771,0.0,0.0,0.0,0.0,0.0
1627560567140042117,1379.63911541,1279.44321995,0.0,0.0,0.0,0.0,0.0
1627560567183144507,1379.72464556,1274.97138606,0.0,0.0,0.0,0.0,0.0
1627560567240542531,1358.40762931,1265.92467388,0.0,0.0,0.0,0.0,0.0
1627560567285666561,1341.34694706,1256.87623462,0.0,0.0,0.0,0.0,0.0
1627560567338452248,1303.706434,1239.69013501,0.0,0.0,0.0,0.0,0.0
1627560567388310658,1281.30606365,1229.57554709,0.0,0.0,0.0,0.0,0.0
1627560567437309069,1238.20521201,1202.17316293,0.0,0.0,0.0,0.0,0.0
1627560567486959244,1216.5451339,1192.9667038,0.0,0.0,0.0,0.0,0.0
1627560567536602929,1168.69456451,1165.30694256,0.0,0.0,0.0,0.0,0.0
1627560567587018236,1143.67690167,1157.1911278,0.0,0.0,0.0,0.0,0.0
1627560567638856180,1094.19978072,1128.09613156,0.0,0.0,0.0,0.0,0.0
1627560567687063707,1067.73855095,1114.06572442,0.0,0.0,0.0,0.0,0.0
1627560567737676072,1014.55407469,1085.8659823,0.0,0.0,0.0,0.0,0.0
1627560567786273498,992.236912059,1071.71945726,0.0,0.0,0.0,0.0,0.0
1627560567836850711,938.538718817,1043.23965601,0.0,0.0,0.0,0.0,0.0
1627560567886668674,911.555813567,1028.92878757,0.0,0.0,0.0,0.0,0.0
1627560567939309593,857.320155516,1000.16393221,0.0,0.0,0.0,0.0,0.0
1627560567983586058,834.334105184,980.958022755,0.0,0.0,0.0,0.0,0.0
1627560568036264053,780.641280442,952.819001066,0.0,0.0,0.0,0.0,0.0
1627560568086191871,761.194578923,942.135775255,0.0,0.0,0.0,0.0,0.0
1627560568139231838,733.358191899,922.649029387,0.0,0.0,0.0,0.0,0.0
1627560568187835745,723.888821602,912.901349449,0.0,0.0,0.0,0.0,0.0
1627560568232664850,709.899464874,903.10473503,0.0,0.0,0.0,0.0,0.0
1627560568286809352,700.899418395,903.048671835,0.0,0.0,0.0,0.0,0.0
1627560568337909716,696.399050147,903.020638088,0.0,0.0,0.0,0.0,0.0
1627560568389164256,690.90658169,900.756713435,0.0,0.0,0.0,0.0,0.0
1627560568436367038,686.868700577,893.229958584,0.0,0.0,0.0,0.0,0.0
1627560568487789479,686.149188044,895.881355134,0.0,0.0,0.0,0.0,0.0
1627560568537289915,687.672860217,889.259999623,0.0,0.0,0.0,0.0,0.0
1627560568584382540,681.828396011,883.446830573,0.0,0.0,0.0,0.0,0.0
1627560568636928525,672.262108436,873.614276936,0.0,0.0,0.0,0.0,0.0
1627560568688880149,667.195720418,863.789705176,0.0,0.0,0.0,0.0,0.0
1627560568736528716,661.839966404,849.028846631,0.0,0.0,0.0,0.0,0.0
1627560568781807209,656.749306978,839.152596817,0.0,0.0,0.0,0.0,0.0
1627560568836125974,646.5357245,819.337503406,0.0,0.0,0.0,0.0,0.0
1627560568888032142,645.959902253,809.429260547,0.0,0.0,0.0,0.0,0.0
1627560568933856778,639.956171694,784.537531331,0.0,0.0,0.0,0.0,0.0
1627560568984361098,634.807500285,774.525348624,0.0,0.0,0.0,0.0,0.0
1627560569038261728,633.328467438,749.482880988,0.0,0.0,0.0,0.0,0.0
1627560569092228060,627.854141994,734.361987424,0.0,0.0,0.0,0.0,0.0
1627560569134280920,630.94598098,709.143452325,0.0,0.0,0.0,0.0,0.0
1627560569185967612,634.649595903,693.963423642,0.0,0.0,0.0,0.0,0.0
1627560569239015571,637.771821701,668.53597086,0.0,0.0,0.0,0.0,0.0
1627560569289160073,641.501326879,653.230296085,0.0,0.0,0.0,0.0,0.0
1627560569334896355,653.326942259,631.098405292,0.0,0.0,0.0,0.0,0.0
1627560569386202456,662.61414694,617.429381161,0.0,0.0,0.0,0.0,0.0
1627560569438184939,680.055493961,596.899641986,0.0,0.0,0.0,0.0,0.0
1627560569484630920,683.506406331,590.033140302,0.0,0.0,0.0,0.0,0.0
1627560569538354527,711.007690854,565.988322027,0.0,0.0,0.0,0.0,0.0
1627560569587950079,719.811858271,555.630725436,0.0,0.0,0.0,0.0,0.0
1627560569641309175,747.302073618,545.406524722,0.0,0.0,0.0,0.0,0.0
1627560569684710611,760.286151961,543.666084389,0.0,0.0,0.0,0.0,0.0
1627560569736924436,784.18145729,535.241620937,0.0,0.0,0.0,0.0,0.0
1627560569790670346,798.356280154,530.581850429,0.0,0.0,0.0,0.0,0.0
1627560569835328752,821.123439195,525.059463474,0.0,0.0,0.0,0.0,0.0
1627560569887950242,824.915420205,528.335039521,0.0,0.0,0.0,0.0,0.0
1627560569937486095,839.811645361,525.216096906,0.0,0.0,0.0,0.0,0.0
1627560569987409701,843.575528702,528.438998663,0.0,0.0,0.0,0.0,0.0
1627560570037443549,877.176152497,525.529263988,0.0,0.0,0.0,0.0,0.0
1627560570088192180,895.852455994,525.685797659,0.0,0.0,0.0,0.0,0.0
1627560570137960389,942.525870494,526.076986467,0.0,0.0,0.0,0.0,0.0
1627560570186398203,970.64212335,531.555747295,0.0,0.0,0.0,0.0,0.0
1627560570237342254,1023.65704038,532.558387694,0.0,0.0,0.0,0.0,0.0
1627560570288972988,1049.86284453,532.217365953,0.0,0.0,0.0,0.0,0.0
1627560570336664373,1105.79276625,537.918005269,0.0,0.0,0.0,0.0,0.0
1627560570386577216,1133.98898253,538.63212854,0.0,0.0,0.0,0.0,0.0
1627560570445539993,1189.49817157,538.61458474,0.0,0.0,0.0,0.0,0.0
1627560570481690980,1208.08854236,538.769290049,0.0,0.0,0.0,0.0,0.0
1627560570536958018,1235.96671966,539.001286608,0.0,0.0,0.0,0.0,0.0
1627560570588579128,1245.25747835,539.078602425,0.0,0.0,0.0,0.0,0.0
1627560570639418548,1263.80481636,544.45625108,0.0,0.0,0.0,0.0,0.0
1627560570682770777,1277.69025692,549.788759742,0.0,0.0,0.0,0.0,0.0
1627560570734631392,1300.82901091,555.191112868,0.0,0.0,0.0,0.0,0.0
1627560570788364086,1310.04263037,560.472365169,0.0,0.0,0.0,0.0,0.0
1627560570838000395,1337.68945292,571.091848951,0.0,0.0,0.0,0.0,0.0
1627560570881611782,1346.86523076,576.354438048,0.0,0.0,0.0,0.0,0.0
1627560570936151015,1374.41808292,586.935724404,0.0,0.0,0.0,0.0,0.0
1627560570991301397,1383.46230422,597.343978455,0.0,0.0,0.0,0.0,0.0
1627560571033471716,1405.08627574,614.480202864,0.0,0.0,0.0,0.0,0.0
1627560571087133271,1415.29106511,618.200479679,0.0,0.0,0.0,0.0,0.0
1627560571138169876,1437.79782885,638.890870312,0.0,0.0,0.0,0.0,0.0
1627560571186555673,1446.5956539,654.286890052,0.0,0.0,0.0,0.0,0.0
1627560571237779340,1464.10615173,684.929914755,0.0,0.0,0.0,0.0,0.0
1627560571287017094,1463.8365012,695.055103344,0.0,0.0,0.0,0.0,0.0
1627560571336825627,1476.67098902,725.403909767,0.0,0.0,0.0,0.0,0.0
1627560571385857183,1480.78810563,740.489589396,0.0,0.0,0.0,0.0,0.0
1627560571436389638,1484.60313146,765.505620649,0.0,0.0,0.0,0.0,0.0
1627560571488175750,1488.69060362,780.465336011,0.0,0.0,0.0,0.0,0.0
1627560571537542209,1487.81557484,810.183010077,0.0,0.0,0.0,0.0,0.0
1627560571585965098,1486.3234903,826.015342478,0.0,0.0,0.0,0.0,0.0
1627560571640979882,1482.16950745,849.493388216,0.0,0.0,0.0,0.0,0.0
1627560571686948887,1481.88597839,859.278372597,0.0,0.0,0.0,0.0,0.0
1627560571735401896,1477.53584173,869.904803733,0.0,0.0,0.0,0.0,0.0
1627560571788540664,1472.37195362,878.731235122,0.0,0.0,0.0,0.0,0.0
1627560571838647078,1467.62911826,888.428679324,0.0,0.0,0.0,0.0,0.0
1627560571887588382,1463.02715601,893.256078043,0.0,0.0,0.0,0.0,0.0
1627560571936338716,1458.17166101,907.765880994,0.0,0.0,0.0,0.0,0.0
1627560571984744441,1453.58338525,912.574376833,0.0,0.0,0.0,0.0,0.0
1627560572035912547,1444.29848103,926.99929854,0.0,0.0,0.0,0.0,0.0
1627560572089711026,1435.15762142,936.574363704,0.0,0.0,0.0,0.0,0.0
1627560572136877149,1421.36963158,955.695709754,0.0,0.0,0.0,0.0,0.0
1627560572184953277,1416.92862644,955.669265303,0.0,0.0,0.0,0.0,0.0
1627560572236638382,1407.8403898,965.189207822,0.0,0.0,0.0,0.0,0.0
1627560572290661898,1398.7695932,974.690881871,0.0,0.0,0.0,0.0,0.0
1627560572335876217,1371.66134308,1003.08681753,0.0,0.0,0.0,0.0,0.0
1627560572385518127,1362.58039545,1017.24847788,0.0,0.0,0.0,0.0,0.0
1627560572436464173,1326.76392468,1054.74858957,0.0,0.0,0.0,0.0,0.0
1627560572489514243,1308.95775447,1073.39178241,0.0,0.0,0.0,0.0,0.0
1627560572534896815,1267.93457637,1111.55924107,0.0,0.0,0.0,0.0,0.0
1627560572586032996,1250.30675931,1134.60764364,0.0,0.0,0.0,0.0,0.0
1627560572639766688,1212.22065752,1174.67624349,0.0,0.0,0.0,0.0,0.0
1627560572688049009,1190.50629626,1192.84702084,0.0,0.0,0.0,0.0,0.0
1627560572732765722,1147.34620191,1233.50980007,0.0,0.0,0.0,0.0,0.0
1627560572787074060,1130.23423837,1255.98209854,0.0,0.0,0.0,0.0,0.0
1627560572841584733,1087.60492492,1296.11843502,0.0,0.0,0.0,0.0,0.0
1627560572885158774,1066.45648595,1318.28191999,0.0,0.0,0.0,0.0,0.0
1627560572937962567,1020.18340098,1362.28691122,0.0,0.0,0.0,0.0,0.0
1627560572986579537,1002.36518705,1385.21486244,0.0,0.0,0.0,0.0,0.0
1627560573037640414,953.563573704,1423.21189099,0.0,0.0,0.0,0.0,0.0
1627560573086421077,932.738464999,1436.14513792,0.0,0.0,0.0,0.0,0.0
1627560573136398237,895.629491874,1466.22412795,0.0,0.0,0.0,0.0,0.0
1627560573187383572,874.815432756,1474.75280241,0.0,0.0,0.0,0.0,0.0
1627560573235787466,839.240922543,1488.34182071,0.0,0.0,0.0,0.0,0.0
1627560573284010060,825.040285018,1496.01802884,0.0,0.0,0.0,0.0,0.0
1627560573335512229,800.327904367,1508.74833631,0.0,0.0,0.0,0.0,0.0
1627560573388164922,796.117739654,1508.73658479,0.0,0.0,0.0,0.0,0.0
1627560573437717077,786.673513411,1509.74494699,0.0,0.0,0.0,0.0,0.0
1627560573482986847,791.907373509,1508.7248327,0.0,0.0,0.0,0.0,0.0
1627560573535620411,787.696805917,1508.71308006,0.0,0.0,0.0,0.0,0.0
1627560573590719280,787.696805917,1508.71308006,0.0,0.0,0.0,0.0,0.0
1627560573635796025,787.896059986,1512.97282901,0.0,0.0,0.0,0.0,0.0
1627560573686836658,791.907373509,1508.7248327,0.0,0.0,0.0,0.0,0.0
1627560573736728957,787.696805917,1508.71308006,0.0,0.0,0.0,0.0,0.0
1627560573786861708,787.696805917,1508.71308006,0.0,0.0,0.0,0.0,0.0
1627560573842502830,787.696805917,1508.71308006,0.0,0.0,0.0,0.0,0.0
1627560573882822768,791.907373509,1508.7248327,0.0,0.0,0.0,0.0,0.0
1627560573934414125,788.095123744,1517.22850939,0.0,0.0,0.0,0.0,0.0
1627560573991493436,783.888386095,1517.21697093,0.0,0.0,0.0,0.0,0.0
1627560574040291095,775.883937412,1525.69371259,0.0,0.0,0.0,0.0,0.0
1627560574081093325,774.188103336,1534.96085241,0.0,0.0,0.0,0.0,0.0
1627560574134578254,762.266937726,1547.61023384,0.0,0.0,0.0,0.0,0.0
1627560574189002991,755.377660418,1556.21987243,0.0,0.0,0.0,0.0,0.0
1627560574233727867,744.448392319,1567.86847564,0.0,0.0,0.0,0.0,0.0
1627560574284711643,741.956945627,1577.93022592,0.0,0.0,0.0,0.0,0.0
1627560574339866530,732.502709237,1598.06898917,0.0,0.0,0.0,0.0,0.0
1627560574381607568,725.796942974,1609.68810192,0.0,0.0,0.0,0.0,0.0
1627560574432867040,718.384419297,1626.30820281,0.0,0.0,0.0,0.0,0.0
1627560574488848112,714.919310898,1638.73744804,0.0,0.0,0.0,0.0,0.0
1627560574540419429,712.15922642,1663.50046821,0.0,0.0,0.0,0.0,0.0
1627560574582278371,708.717208052,1675.82631496,0.0,0.0,0.0,0.0,0.0
1627560574634194002,706.193025976,1701.07047623,0.0,0.0,0.0,0.0,0.0
1627560574690039961,706.685104148,1712.61338533,0.0,0.0,0.0,0.0,0.0
1627560574738524550,708.309008329,1741.01819123,0.0,0.0,0.0,0.0,0.0
1627560574780902478,713.100736092,1753.14080188,0.0,0.0,0.0,0.0,0.0
1627560574834536486,718.781729165,1781.28680638,0.0,0.0,0.0,0.0,0.0
1627560574884442180,723.536263341,1793.29587189,0.0,0.0,0.0,0.0,0.0
1627560574939903854,743.77927147,1817.60414322,0.0,0.0,0.0,0.0,0.0
1627560574983281563,745.631564813,1825.16428038,0.0,0.0,0.0,0.0,0.0
1627560575043746785,766.955955657,1844.96586836,0.0,0.0,0.0,0.0,0.0
1627560575085692325,775.456894363,1852.85974382,0.0,0.0,0.0,0.0,0.0
1627560575132844862,788.177575193,1864.67202405,0.0,0.0,0.0,0.0,0.0
1627560575184358969,808.934718251,1876.45586391,0.0,0.0,0.0,0.0,0.0
1627560575237473748,821.394453089,1884.29138992,0.0,0.0,0.0,0.0,0.0
1627560575290646791,845.912558007,1892.11891259,0.0,0.0,0.0,0.0,0.0
1627560575332819297,858.152275017,1896.026501,0.0,0.0,0.0,0.0,0.0
1627560575385320076,874.401594045,1899.93227078,0.0,0.0,0.0,0.0,0.0
1627560575440079905,882.445972697,1899.93684651,0.0,0.0,0.0,0.0,0.0
1627560575482164299,894.652809249,1903.83595718,0.0,0.0,0.0,0.0,0.0
1627560575533350075,898.672331676,1903.83815459,0.0,0.0,0.0,0.0,0.0
1627560575584149360,902.69167041,1903.8403519,0.0,0.0,0.0,0.0,0.0
1627560575637822372,901.451702821,1904.01490638,0.0,0.0,0.0,0.0,0.0
1627560575687387187,902.69167041,1903.8403519,0.0,0.0,0.0,0.0,0.0
1627560575732966277,905.122941764,1904.05340979,0.0,0.0,0.0,0.0,0.0
1627560575784213717,910.729796849,1903.84474622,0.0,0.0,0.0,0.0,0.0
1627560575836532743,914.616131852,1899.95514525,0.0,0.0,0.0,0.0,0.0
1627560575884420592,917.512287632,1904.02074393,0.0,0.0,0.0,0.0,0.0
1627560575935919911,918.767188666,1903.84914013,0.0,0.0,0.0,0.0,0.0
1627560575991165030,922.785609123,1903.85133694,0.0,0.0,0.0,0.0,0.0
1627560576031482308,922.785609123,1903.85133694,0.0,0.0,0.0,0.0,0.0
1627560576085517403,921.527128602,1904.0222032,0.0,0.0,0.0,0.0,0.0
1627560576135325028,922.785609123,1903.85133694,0.0,0.0,0.0,0.0,0.0
1627560576189285930,930.821899198,1903.85573025,0.0,0.0,0.0,0.0,0.0
1627560576234593720,946.892276338,1903.86451568,0.0,0.0,0.0,0.0,0.0
1627560576287414713,979.127183823,1907.76889137,0.0,0.0,0.0,0.0,0.0
1627560576338571580,1003.20743525,1907.78152334,0.0,0.0,0.0,0.0,0.0
1627560576389255387,1051.41806461,1911.68843037,0.0,0.0,0.0,0.0,0.0
1627560576432617255,1075.52644548,1915.5780958,0.0,0.0,0.0,0.0,0.0
1627560576485326908,1127.62249978,1919.47599837,0.0,0.0,0.0,0.0,0.0
1627560576536441566,1155.6521172,1923.35758102,0.0,0.0,0.0,0.0,0.0
1627560576591862312,1203.62300569,1931.10332527,0.0,0.0,0.0,0.0,0.0
1627560576632392531,1222.21985024,1935.04592455,0.0,0.0,0.0,0.0,0.0
1627560576684610057,1267.37024012,1946.53032691,0.0,0.0,0.0,0.0,0.0
1627560576736078285,1285.87253119,1954.26483195,0.0,0.0,0.0,0.0,0.0
1627560576784441323,1322.73498587,1973.35817521,0.0,0.0,0.0,0.0,0.0
1627560576836125923,1338.4591838,1984.84016201,0.0,0.0,0.0,0.0,0.0
1627560576886275646,1369.73612903,2003.79124366,0.0,0.0,0.0,0.0,0.0
1627560576939380085,1386.75165102,2015.10729024,0.0,0.0,0.0,0.0,0.0
1627560576987453655,1412.34684023,2037.75018296,0.0,0.0,0.0,0.0,0.0
1627560577033194990,1416.09057333,2045.2586427,0.0,0.0,0.0,0.0,0.0
1627560577085736073,1423.75321438,2052.75215158,0.0,0.0,0.0,0.0,0.0
1627560577137867057,1423.75321438,2052.75215158,0.0,0.0,0.0,0.0,0.0
1627560577182909410,1427.57913913,2056.49362935,0.0,0.0,0.0,0.0,0.0
1627560577236065755,1427.57913913,2056.49362935,0.0,0.0,0.0,0.0,0.0
1627560577284887374,1431.50280867,2056.49236539,0.0,0.0,0.0,0.0,0.0
1627560577336958342,1431.50280867,2056.49236539,0.0,0.0,0.0,0.0,0.0
1627560577391622947,1427.57913913,2056.49362935,0.0,0.0,0.0,0.0,0.0
1627560577431241986,1431.50280867,2056.49236539,0.0,0.0,0.0,0.0,0.0
1627560577483964625,1427.57913913,2056.49362935,0.0,0.0,0.0,0.0,0.0
1627560577535856595,1430.27264034,2056.44805211,0.0,0.0,0.0,0.0,0.0
1627560577586164103,1427.57913913,2056.49362935,0.0,0.0,0.0,0.0,0.0
1627560577642067178,1427.67881233,2052.75097078,0.0,0.0,0.0,0.0,0.0
1627560577681963765,1427.67881233,2052.75097078,0.0,0.0,0.0,0.0,0.0
1627560577734602439,1427.67881233,2052.75097078,0.0,0.0,0.0,0.0,0.0
1627560577787805378,1426.44490915,2052.70917508,0.0,0.0,0.0,0.0,0.0
1627560577839189186,1427.67881233,2052.75097078,0.0,0.0,0.0,0.0,0.0
1627560577886469659,1423.75321438,2052.75215158,0.0,0.0,0.0,0.0,0.0
1627560577932144527,1427.67881233,2052.75097078,0.0,0.0,0.0,0.0,0.0
1627560577984504113,1427.67881233,2052.75097078,0.0,0.0,0.0,0.0,0.0
1627560578037533678,1431.60423454,2052.74979003,0.0,0.0,0.0,0.0,0.0
1627560578086259578,1439.34962106,2056.48983764,0.0,0.0,0.0,0.0,0.0
1627560578136835666,1443.16617633,2060.22755524,0.0,0.0,0.0,0.0,0.0
1627560578191843151,1450.89844463,2063.96033746,0.0,0.0,0.0,0.0,0.0
1627560578233001805,1458.73650451,2063.95747843,0.0,0.0,0.0,0.0,0.0
1627560578285369701,1458.62311872,2067.68945355,0.0,0.0,0.0,0.0,0.0
1627560578337652573,1461.34427847,2067.63897164,0.0,0.0,0.0,0.0,0.0
1627560578384422600,1466.45698461,2067.68642931,0.0,0.0,0.0,0.0,0.0
1627560578436435679,1472.98789899,2071.36168131,0.0,0.0,0.0,0.0,0.0
1627560578489659736,1489.82714116,2071.40534242,0.0,0.0,0.0,0.0,0.0
1627560578537283145,1493.74101797,2071.40374825,0.0,0.0,0.0,0.0,0.0
1627560578580368118,1509.26321925,2071.18946251,0.0,0.0,0.0,0.0,0.0
1627560578636518339,1521.13326312,2071.39259108,0.0,0.0,0.0,0.0,0.0
1627560578686316527,1540.84381264,2067.65771255,0.0,0.0,0.0,0.0,0.0
1627560578733175039,1548.67033349,2067.65469115,0.0,0.0,0.0,0.0,0.0
1627560578785292260,1568.23357774,2067.64713883,0.0,0.0,0.0,0.0,0.0
1627560578837137355,1580.13688985,2063.91319613,0.0,0.0,0.0,0.0,0.0
1627560578885898616,1600.05466697,2056.43806854,0.0,0.0,0.0,0.0,0.0
1627560578939839450,1608.24683181,2048.95453345,0.0,0.0,0.0,0.0,0.0
1627560578982872893,1628.40866906,2037.70367781,0.0,0.0,0.0,0.0,0.0
1627560579035839681,1639.84495807,2026.4159416,0.0,0.0,0.0,0.0,0.0
1627560579085367329,1656.40019334,2011.34075639,0.0,0.0,0.0,0.0,0.0
1627560579133817719,1661.8369603,2000.0,0.0,0.0,0.0,0.0,0.0
1627560579188695428,1673.64857182,1984.83226562,0.0,0.0,0.0,0.0,0.0
1627560579241756911,1678.65952086,1981.02588017,0.0,0.0,0.0,0.0,0.0
1627560579282978880,1683.25396195,1969.60101273,0.0,0.0,0.0,0.0,0.0
1627560579335114347,1687.20689652,1969.60169894,0.0,0.0,0.0,0.0,0.0
1627560579390149602,1686.60035151,1965.79717736,0.0,0.0,0.0,0.0,0.0
1627560579439084898,1687.64253287,1961.96781467,0.0,0.0,0.0,0.0,0.0
1627560579483236187,1691.44557355,1950.50737853,0.0,0.0,0.0,0.0,0.0
1627560579534929570,1686.1322673,1946.89841803,0.0,0.0,0.0,0.0,0.0
1627560579588182760,1689.39297368,1931.29392236,0.0,0.0,0.0,0.0,0.0
1627560579637957463,1694.0286704,1919.73562709,0.0,0.0,0.0,0.0,0.0
1627560579683180159,1691.88603167,1904.48153741,0.0,0.0,0.0,0.0,0.0
1627560579736935978,1692.11575991,1900.61510427,0.0,0.0,0.0,0.0,0.0
1627560579790900979,1695.58758888,1892.63986937,0.0,0.0,0.0,0.0,0.0
1627560579833230376,1693.03679022,1885.11373604,0.0,0.0,0.0,0.0,0.0
1627560579885144720,1699.12161906,1850.02927227,0.0,0.0,0.0,0.0,0.0
1627560579937442401,1700.06117079,1834.34102937,0.0,0.0,0.0,0.0,0.0
1627560579989326576,1713.80802428,1786.50497996,0.0,0.0,0.0,0.0,0.0
1627560580039655703,1715.2193569,1762.55816513,0.0,0.0,0.0,0.0,0.0
1627560580081328071,1726.44992757,1710.22862948,0.0,0.0,0.0,0.0,0.0
1627560580136729985,1732.23883906,1681.78983819,0.0,0.0,0.0,0.0,0.0
1627560580186697961,1743.67699938,1628.48415947,0.0,0.0,0.0,0.0,0.0
1627560580234433602,1748.90186401,1599.61496775,0.0,0.0,0.0,0.0,0.0
1627560580291417911,1761.22794758,1545.20285814,0.0,0.0,0.0,0.0,0.0
1627560580337514662,1767.24089398,1515.68270345,0.0,0.0,0.0,0.0,0.0
1627560580382840211,1779.38671195,1456.05362963,0.0,0.0,0.0,0.0,0.0
1627560580434284784,1785.57735409,1431.14705694,0.0,0.0,0.0,0.0,0.0
1627560580485648368,1801.85379855,1369.49811628,0.0,0.0,0.0,0.0,0.0
1627560580539293207,1807.82976583,1343.20461805,0.0,0.0,0.0,0.0,0.0
1627560580590345032,1824.75462781,1281.27158884,0.0,0.0,0.0,0.0,0.0
1627560580634834585,1830.54908291,1258.9481766,0.0,0.0,0.0,0.0,0.0
1627560580684862946,1849.49633359,1201.60364305,0.0,0.0,0.0,0.0,0.0
1627560580736132807,1853.68973828,1173.12916774,0.0,0.0,0.0,0.0,0.0
1627560580791022076,1871.02410444,1109.95975536,0.0,0.0,0.0,0.0,0.0
1627560580839084356,1881.95882467,1081.07510654,0.0,0.0,0.0,0.0,0.0
1627560580883541035,1899.53694982,1020.25637881,0.0,0.0,0.0,0.0,0.0
1627560580938414335,1910.43461375,991.936749423,0.0,0.0,0.0,0.0,0.0
1627560580987309720,1923.41657083,935.709206273,0.0,0.0,0.0,0.0,0.0
1627560581032899077,1934.64010144,905.905182203,0.0,0.0,0.0,0.0,0.0
1627560581087010222,1952.51013502,847.692183428,0.0,0.0,0.0,0.0,0.0
1627560581135540115,1963.76612174,818.335964618,0.0,0.0,0.0,0.0,0.0
1627560581183529015,1981.57717248,764.031868026,0.0,0.0,0.0,0.0,0.0
1627560581237442787,1993.42631157,729.160732639,0.0,0.0,0.0,0.0,0.0
1627560581289799728,2011.56880144,673.853189816,0.0,0.0,0.0,0.0,0.0
1627560581338111160,2017.80290782,653.583256088,0.0,0.0,0.0,0.0,0.0
1627560581383417239,2029.4860661,623.039556032,0.0,0.0,0.0,0.0,0.0
1627560581435883772,2035.35468364,607.697018558,0.0,0.0,0.0,0.0,0.0
1627560581489482344,2041.24143819,592.30706484,0.0,0.0,0.0,0.0,0.0
1627560581539367603,2041.67985124,587.15415295,0.0,0.0,0.0,0.0,0.0
1627560581583758714,2047.14641396,576.869474728,0.0,0.0,0.0,0.0,0.0
1627560581634033878,2052.17911772,571.738000205,0.0,0.0,0.0,0.0,0.0
1627560581685164062,2052.62417285,566.563732259,0.0,0.0,0.0,0.0,0.0
1627560581740513797,2052.62417285,566.563732259,0.0,0.0,0.0,0.0,0.0
1627560581782183233,2053.06969569,561.384026705,0.0,0.0,0.0,0.0,0.0
1627560581835309354,2053.06969569,561.384026705,0.0,0.0,0.0,0.0,0.0
1627560581890116906,2053.06969569,561.384026705,0.0,0.0,0.0,0.0,0.0
1627560581937870187,2053.05049683,561.904470365,0.0,0.0,0.0,0.0,0.0
1627560581982980925,2053.06969569,561.384026705,0.0,0.0,0.0,0.0,0.0
1627560582034191595,2053.06969569,561.384026705,0.0,0.0,0.0,0.0,0.0
1627560582084758923,2053.06969569,561.384026705,0.0,0.0,0.0,0.0,0.0
1627560582141858914,2053.06969569,561.384026705,0.0,0.0,0.0,0.0,0.0
1627560582187938098,2053.06969569,561.384026705,0.0,0.0,0.0,0.0,0.0
1627560582232420359,2053.06969569,561.384026705,0.0,0.0,0.0,0.0,0.0
1627560582283410658,2053.06969569,561.384026705,0.0,0.0,0.0,0.0,0.0
1627560582336427361,2053.06969569,561.384026705,0.0,0.0,0.0,0.0,0.0
1627560582390030448,2052.62417285,566.563732259,0.0,0.0,0.0,0.0,0.0
1627560582439975500,2053.06969569,561.384026705,0.0,0.0,0.0,0.0,0.0
1627560582482343961,2053.06969569,561.384026705,0.0,0.0,0.0,0.0,0.0
1627560582537000390,2053.06969569,561.384026705,0.0,0.0,0.0,0.0,0.0
1627560582589539411,2053.06969569,561.384026705,0.0,0.0,0.0,0.0,0.0
1627560582638702957,2053.06969569,561.384026705,0.0,0.0,0.0,0.0,0.0
1627560582679895026,2053.23402965,561.174682181,0.0,0.0,0.0,0.0,0.0
1627560582734878830,2053.06969569,561.384026705,0.0,0.0,0.0,0.0,0.0
1627560582787931515,2053.06969569,561.384026705,0.0,0.0,0.0,0.0,0.0
1627560582834920756,2053.06969569,561.384026705,0.0,0.0,0.0,0.0,0.0
1627560582885090392,2053.06969569,561.384026705,0.0,0.0,0.0,0.0,0.0
1627560582944946715,2053.23402965,561.174682181,0.0,0.0,0.0,0.0,0.0
1627560582982648531,2053.06969569,561.384026705,0.0,0.0,0.0,0.0,0.0
1627560583036419884,2053.06969569,561.384026705,0.0,0.0,0.0,0.0,0.0
1627560583091057273,2053.23402965,561.174682181,0.0,0.0,0.0,0.0,0.0
1627560583134181247,2052.62417285,566.563732259,0.0,0.0,0.0,0.0,0.0
1627560583187038804,2053.06969569,561.384026705,0.0,0.0,0.0,0.0,0.0
1627560583241346209,2052.62417285,566.563732259,0.0,0.0,0.0,0.0,0.0
1627560583287016147,2053.23402965,561.174682181,0.0,0.0,0.0,0.0,0.0
1627560583333011950,2053.06969569,561.384026705,0.0,0.0,0.0,0.0,0.0
1627560583386017995,2053.06969569,561.384026705,0.0,0.0,0.0,0.0,0.0
1627560583442154714,2053.06969569,561.384026705,0.0,0.0,0.0,0.0,0.0
1627560583488704114,2053.05049683,561.904470365,0.0,0.0,0.0,0.0,0.0
1627560583535800934,2052.60475804,567.092574498,0.0,0.0,0.0,0.0,0.0
1627560583587456667,2053.06969569,561.384026705,0.0,0.0,0.0,0.0,0.0
1627560583636974138,2053.06969569,561.384026705,0.0,0.0,0.0,0.0,0.0
1627560583686320091,2052.62417285,566.563732259,0.0,0.0,0.0,0.0,0.0
1627560583741222190,2053.06969569,561.384026705,0.0,0.0,0.0,0.0,0.0
