time;no calibration;calibration with FGL;calibration without FGL;simple feedback calibration;
0;-5.01566094379936e-06;-2.56004449310558e-06;-2.56004449310558e-06;-3.53894860424595;
0.05;-8.34082628663154e-06;-1.96245522904843e-05;-1.96245522904843e-05;-7.79670449282432;
0.1;-1.09458667738156e-05;0.00259668116940695;-0.00033532718353434;-11.1411772196798;
0.15;-0.0194251000937865;-0.0180904694792227;-0.0217579885629686;-13.8320494110939;
0.2;0.00155017985189715;0.0191404308196313;-0.0016285441938408;-15.9402105673592;
0.25;-0.156165551234243;-0.110498245696585;-0.165220579588713;-17.8011373165874;
0.3;-0.294391475676822;-0.230053134756474;-0.322042149951685;-19.3156530112165;
0.35;-0.454260571628043;-0.394852571674559;-0.517531927156124;-20.6216584615474;
0.4;-0.524656446029766;-0.493000366245596;-0.63722049711182;-21.6776480195148;
0.45;-0.550586588721266;-0.556913406710797;-0.719587281348424;-22.5684486380342;
0.5;-0.547021546071276;-0.586818593190541;-0.774264186016049;-23.3203210061539;
0.55;-0.578418310964882;-0.65872526916401;-0.86720745167069;-24.0412400804631;
0.6;-0.516821533743101;-0.629229730908839;-0.864061313414787;-24.5928075120416;
0.65;-0.530486715399238;-0.657423816475808;-0.933591001432509;-25.1263191206513;
0.7;-0.586696989573093;-0.728242782060116;-1.0495711244457;-25.6388708477384;
0.75;-0.612014839865106;-0.777517188691514;-1.13920839761963;-26.0867743426527;
0.8;-0.59133224583289;-0.777165547299221;-1.18229884443279;-26.4467125352598;
0.85;-0.606928211490386;-0.812434271024037;-1.26194578998079;-26.8139643164638;
0.9;-0.585971522691462;-0.806965997931721;-1.30371647412782;-27.1131767832795;
0.95;-0.596056124555642;-0.831879054559657;-1.37631796264243;-27.4216128342136;
1;-0.573800962700923;-0.823964016641902;-1.4152315689947;-27.6783881632247;
1.05;-0.554428461888255;-0.812479871984077;-1.45432869738834;-27.9096295282185;
1.1;-0.556232250438328;-0.817821204673894;-1.51342455318869;-28.1336742414026;
1.15;-0.561881703433443;-0.822456729051913;-1.57611259962614;-28.3287333524835;
1.2;-0.592418172897479;-0.854782557613626;-1.66582366798032;-28.527341729028;
1.25;-0.591552874256965;-0.857091348102056;-1.72498480422773;-28.6729808115192;
1.3;-0.600200778064514;-0.86757715465205;-1.79387900194148;-28.8043473421113;
1.35;-0.609049223584711;-0.879999503586369;-1.86363817720665;-28.9171910804253;
1.4;-0.601915791406598;-0.875232005021267;-1.91679558469653;-28.9909103150245;
1.45;-0.604853296160795;-0.881881880746071;-1.97971117977777;-29.0563064677782;
1.5;-0.582707279135567;-0.859181511357467;-2.01542467334801;-29.0670376717226;
1.55;-0.592866988089537;-0.864379443109214;-2.08249735887588;-29.0750734397096;
1.6;-0.606635355570616;-0.873150129085321;-2.15388482507025;-29.0557462698801;
1.65;-0.619901605818407;-0.881579739314789;-2.22564820298416;-29.0035235515846;
1.7;-0.635660422725214;-0.89377241592707;-2.30109794406667;-28.9262100118733;
1.75;-0.645611050521479;-0.899892019279671;-2.3714662826512;-28.8126249963621;
1.8;-0.663910542017661;-0.91483125388912;-2.45122422569482;-28.6782149621226;
1.85;-0.676025959990283;-0.921543405486271;-2.52535340708871;-28.4997316464429;
1.9;-0.707261269211509;-0.951746851072847;-2.62072551407303;-28.3139740982161;
1.95;-0.699127595466046;-0.942031115676686;-2.67646289797659;-28.053389945091;
2;-0.713617091240606;-0.953304440472667;-2.75460181022024;-27.7781006340941;
2.05;-0.718494477127799;-0.953469980685774;-2.82289114491457;-27.4518009701345;
2.1;-0.733958617669082;-0.964976630970229;-2.90212312350313;-27.09814818621;
2.15;-0.733126854424248;-0.958350591833716;-2.96440443777502;-26.6825988554349;
2.2;-0.748145235506281;-0.964224383624945;-3.04208109788047;-26.2288901240214;
2.25;-0.770529283569803;-1.12244118107538;-3.13278042388968;-26.2606798052357;
2.3;-0.756569863407037;-1.24821076262846;-3.16807289812731;-26.3697024563621;
2.35;-0.748746465715882;-1.32425701134355;-3.19472160494394;-26.4433094057841;
2.4;-0.724710462955704;-1.35565803499814;-3.19639225037709;-26.473669053363;
2.45;-0.729838479065643;-1.40159637857101;-3.22172152294244;-26.5187626031348;
2.5;-0.773208290684572;-1.47807703174705;-3.28213837038253;-26.5946304241844;
2.55;-0.750248596490556;-1.48040003473044;-3.27256761215264;-26.5966542673044;
2.6;-0.775349700700543;-1.52571689168301;-3.30861216786697;-26.6419306707929;
2.65;-0.797637219479388;-1.56463535296071;-3.34005795859374;-26.6810225898166;
2.7;-0.753343905125118;-1.53291406163693;-3.30278176593621;-26.649631040647;
2.75;-0.655473898748315;-1.44360098367652;-3.20974314552355;-26.5607119710454;
2.8;-0.639376710178497;-1.43395969250202;-3.1973193846716;-26.5515215537432;
2.85;-0.654058222437677;-1.45403746345564;-3.21508835096227;-26.5721357189982;
2.9;-0.695914698035657;-1.50064864520679;-3.25968169389086;-26.6193962730424;
2.95;-0.731262668952169;-1.54016165624843;-3.29744026472454;-26.6596691477558;
3;-0.612220179114705;-1.4239903823254;-3.18006715128637;-26.5441979556051;
3.05;-0.499447267153345;-1.31299295735927;-3.06832914286486;-26.4337532690506;
3.1;-0.588287908690792;-1.40350428878419;-3.15814390043212;-26.5249101466336;
3.15;-0.643357090992771;-1.46019820151634;-3.21416325604837;-26.5823993712175;
3.2;-0.53969173625975;-1.35767323547877;-3.11116684960269;-26.4805864207238;
3.25;-0.655288624654697;-1.47436671584926;-3.22740941751978;-26.5981234653578;
3.3;-0.639060069577251;-1.45908432678364;-3.21173917038165;-26.5837376237339;
3.35;-0.649453376040667;-1.47026033753083;-3.22259454584597;-26.5958326721588;
3.4;-0.742921404490517;-1.56448514164498;-3.31651512126488;-26.6911397961165;
3.45;-0.728014767848916;-1.55021630618418;-3.30198941077889;-26.6779872344198;
3.5;-0.702599794284352;-1.525298276805;-3.27686887365826;-26.6541443279905;
3.55;-0.686911486991782;-1.51000952064702;-3.26141678544839;-26.6398960668112;
3.6;-0.693110896660413;-1.51633498283309;-3.26760239447975;-26.6472728483336;
3.65;-0.697496853624037;-1.52118003268729;-3.27233544564339;-26.6531912137621;
3.7;-0.538595490847532;-1.36246720773844;-3.11355128021977;-26.4953031930567;
3.75;-0.67965479247567;-1.50369548530106;-3.2547083134106;-26.6375073914381;
3.8;-0.698145235780066;-1.52234739268904;-3.27329555767976;-26.6572514591926;
3.85;-0.675847370802092;-1.50017318187135;-3.25107353646186;-26.6361388998003;
3.9;-0.695010550882983;-1.51943683172588;-3.27029398342663;-26.6564824247849;
3.95;-0.690084702997527;-1.51460459133009;-3.26542349528671;-26.6527314509358;
4;-0.680678373541433;-1.5052636916546;-3.25605827402955;-26.6444610421546;
4.05;-0.678768013904568;-1.50341729181682;-3.25418958044757;-26.6436743035751;
4.1;-0.677355775765614;-1.50205141016688;-3.25280280038199;-26.6433660585952;
4.15;-0.676226687584038;-1.50096272687093;-3.25169821234668;-26.6433294421718;
4.2;-0.682578161994783;-1.50734560967248;-3.25806983044776;-26.6507795836857;
4.25;-0.698100921015051;-1.52289589304376;-3.27360793831224;-26.6674281380982;
4.3;-0.712446878061185;-1.53726829231923;-3.28797379386319;-26.6829259855375;
4.35;-0.724129569673319;-1.54897247105845;-3.29966954734643;-26.6957731091725;
4.4;-0.721372132933177;-1.54623323146166;-3.29692881294534;-26.6941750557767;
4.45;-0.745575690039443;-1.57045589775148;-3.32114723649111;-26.7195768310744;
4.5;-0.744438378489082;-1.56933019063904;-3.32001351721951;-26.7196355225482;
4.55;-0.763452319436734;-1.58835166230102;-3.3390297150594;-26.7398670637257;
4.6;-0.779931811675172;-1.60484373689176;-3.35551782420902;-26.7575975224234;
4.65;-0.793167163923656;-1.61808649296905;-3.36875775746242;-26.7721007498517;
4.7;-0.810694852200362;-1.63561645848499;-3.38628545417597;-26.7909202571166;
4.75;-0.812986412515221;-1.63792654494453;-3.3885912240944;-26.7945248586113;
4.8;-0.829700996711065;-1.65465310216985;-3.40531397854381;-26.8125614015466;
4.85;-0.823058315845929;-1.6480135408329;-3.39866995250025;-26.8072172356349;
4.9;-0.813768614089884;-1.63872422053538;-3.3893826958893;-26.7991973469614;
4.95;-0.800985635317607;-1.62594225865722;-3.37660435870878;-26.7876474824853;
5;-0.823432169699292;-1.64838914088564;-3.39905035625948;-26.811348259189;
5.05;-0.800258613999342;-1.62522054210932;-3.37587986366877;-26.7893959379043;
5.1;-0.823881376575794;-1.64884944514993;-3.39950751309199;-26.8142592499075;
5.15;-0.814718503411991;-1.63968602724871;-3.39034599737117;-26.8063273928168;
5.2;-0.822595205820494;-1.64757005627229;-3.39822900081953;-26.8154361021833;
5.25;-0.851182624402668;-1.67614824015611;-3.42680741709958;-26.8452837641766;
5.3;-0.812971753358591;-1.63795213216352;-3.3886109148063;-26.8083041192255;
5.35;-0.710070229403489;-1.53505367567186;-3.28571183073441;-26.706423021602;
5.4;-0.706284925046539;-1.53126077900372;-3.2819217982157;-26.7035926040762;
5.45;-0.787514654473773;-1.61244955989585;-3.36310499042623;-26.78587303034;
5.5;-0.716776001905209;-1.54165081095396;-3.29230340015522;-26.7161006572805;
5.55;-0.746596490912437;-1.57151728253063;-3.32217136976338;-26.7469989568404;
5.6;-0.818204034186609;-1.64311727231768;-3.39377043909294;-26.8197669185361;
5.65;-0.759940843359437;-1.58486848663623;-3.33552072535958;-26.7626224711417;
5.7;-0.698212670840442;-1.52317311701374;-3.27382753094904;-26.7018889492005;
5.75;-0.72068980907508;-1.54564263677353;-3.29629954101509;-26.7253361631731;
5.8;-0.714891321558335;-1.53983850537564;-3.29049738502839;-26.7205144205427;
5.85;-0.675814224249787;-1.50076178207358;-3.2514165221424;-26.6823527082533;
5.9;-0.709110463626605;-1.53406256477032;-3.28471870363676;-26.716611889402;
5.95;-0.722932959656191;-1.54788308336204;-3.29853902455172;-26.7314341695156;
6;-0.816872711429446;-1.64182189979505;-3.39247790292361;-26.8265391693209;
6.05;-0.803060165930468;-1.62800801132719;-3.37865912130059;-26.8139124162594;
6.1;-0.779379002686083;-1.60432339353682;-3.354972395202;-26.7913568088532;
6.15;-0.760470989074243;-1.58542361549079;-3.33607599013545;-26.7735397307346;
6.2;-0.769664621224437;-1.59462019115923;-3.34527348582956;-26.7838228458763;
6.25;-0.766667265343987;-1.59162851863448;-3.34228252048539;-26.7819159617428;
6.3;-0.761918805389221;-1.58687615219098;-3.33753106594682;-26.778238872865;
6.35;-0.776453662045762;-1.60141213982969;-3.35206820156537;-26.7938701977843;
6.4;-0.770351481619555;-1.59531171654519;-3.34596731223376;-26.7888596508394;
6.45;-0.779616629118866;-1.60458070133322;-3.35523560637833;-26.7992347584482;
6.5;-0.774880034346109;-1.59984829043559;-3.350505512787;-26.7955964530524;
6.55;-0.777987507835636;-1.60296350524944;-3.35361855033949;-26.7998039388707;
6.6;-0.780865692805176;-1.60584949851564;-3.3565046683974;-26.8037879481947;
6.65;-0.760745318168795;-1.5857289730657;-3.33638748478211;-26.7847341226948;
6.7;-0.764176978213486;-1.58916509704891;-3.33982665805793;-26.7892289777695;
6.75;-0.764743355575001;-1.58972183711756;-3.34038525558657;-26.7908453521986;
6.8;-0.782040435359849;-1.60702084784804;-3.35768512075734;-26.8092336711604;
6.85;-0.796562514662519;-1.62154335838263;-3.37220650290879;-26.8248766558162;
6.9;-0.812158439800851;-1.63714384969424;-3.38780537514463;-26.8416262224182;
6.95;-0.82851588270413;-1.65350041690509;-3.40415909634025;-26.8591583385058;
7;-0.840143087507012;-1.66512300395709;-3.41578157519985;-26.871980245771;
7.05;-0.856486336583696;-1.68146125393111;-3.43212053711495;-26.8895463527054;
7.1;-0.864170526191473;-1.68914677612636;-3.43980541845332;-26.898475494288;
7.15;-0.880027415723917;-1.70500566107398;-3.45566004127788;-26.9156029378545;
7.2;-0.883683447621729;-1.70866512028118;-3.459312646665;-26.9205300217659;
7.25;-0.898753227291878;-1.7237362089626;-3.47437875809101;-26.9368875225814;
7.3;-0.897385793825138;-1.72236966774476;-3.47301173807531;-26.9368021368151;
7.35;-0.894438133322631;-1.71942273461628;-3.47006101440969;-26.9351193481329;
7.4;-0.903534389792268;-1.72852089160336;-3.47916066533089;-26.945486710694;
7.45;-0.917779114943659;-1.74276557583796;-3.4934062965012;-26.9610230380496;
7.5;-0.937729916349451;-1.76271988747005;-3.51335989866884;-26.9822976440668;
7.55;-0.865654278686575;-1.69064750871729;-3.44128653651885;-26.9114228915469;
7.6;-0.911742745637903;-1.73674408379102;-3.48738193111032;-26.9587463259834;
7.65;-0.935654025155957;-1.76065746318115;-3.51129371319103;-26.9839489351799;
7.7;-0.910725013119443;-1.73572935243892;-3.48636801870423;-26.9602681783634;
7.75;-0.915798310864839;-1.74080234765377;-3.49144591311646;-26.9665724212259;
7.8;-0.868967552008632;-1.69397364445667;-3.44462009366722;-26.9209013268807;
7.85;-0.857566091701744;-1.68256811539096;-3.43321905734283;-26.9106000831936;
7.9;-0.821177422320562;-1.6461777114242;-3.3968312101218;-26.8752499090074;
7.95;-0.852374526153228;-1.67737768960001;-3.42803119741918;-26.9075204125463;
8;-0.930483609466381;-1.7554814948988;-3.5061347237965;-26.9868393278631;
8.05;-0.824137199896688;-1.64913958660703;-3.39979132654216;-26.8815767914103;
8.1;-0.805520673573185;-1.63052306668102;-3.38117417558158;-26.8639436516578;
8.15;-0.830160338078633;-1.65514766240738;-3.40579946181369;-26.8895937319643;
8.2;-0.856240792389236;-1.68122606207197;-3.431880172915;-26.9167511385411;
8.25;-0.903380336241805;-1.72837704623815;-3.47903235488092;-26.965073762951;
8.3;-0.841826367636339;-1.66682382963037;-3.41747889358721;-26.9046101560449;
8.35;-0.811159219798545;-1.63615720793224;-3.38681350506571;-26.8749408081008;
8.4;-0.812976351300266;-1.63797728235724;-3.38863204506126;-26.877750352917;
8.45;-0.83164094809467;-1.65664338316034;-3.40729913153128;-26.8974435272587;
8.5;-0.857579421785587;-1.68258871346554;-3.43324501431211;-26.92446551749;
8.55;-0.931910483380307;-1.75691668748836;-3.50757633864289;-27.0000116204188;
8.6;-0.8856695385508;-1.71067038671972;-3.46133158371813;-26.9549382546189;
8.65;-0.90686616299332;-1.73186850630222;-3.48252790602551;-26.9773056549914;
8.7;-0.90320875845528;-1.72820944097506;-3.47886900548355;-26.9748225446276;
8.75;-0.899362031161361;-1.7243627711641;-3.47502260842067;-26.97213668167;
8.8;-0.878741103656954;-1.70373930774635;-3.45440532562634;-26.952634208256;
8.85;-0.881331018147881;-1.70633116390224;-3.45699839878398;-26.9563387180173;
8.9;-0.870256355662185;-1.69524906643066;-3.44591782243455;-26.9463465318535;
8.95;-0.881492636474835;-1.70648809648775;-3.45715440731779;-26.9586831295094;
9;-0.893321279134407;-1.71832166300311;-3.4689892880216;-26.9716396606232;
9.05;-0.886397734783521;-1.71139393742522;-3.46206458539275;-26.965830413037;
9.1;-0.89171198325603;-1.71670699936605;-3.46737457632423;-26.9722597172288;
9.15;-0.873259416578094;-1.69825700153175;-3.44892375468647;-26.9548952832191;
9.2;-0.878752095023318;-1.70375431594086;-3.45442171191606;-26.9614744923101;
9.25;-0.874249886022414;-1.6992545699444;-3.44991712804327;-26.9580521582187;
9.3;-0.873010446595108;-1.69801905043243;-3.4486793189083;-26.957889117427;
9.35;-0.875553402310087;-1.70055668613501;-3.4512152237376;-26.9615025066409;
9.4;-0.890822619431231;-1.71582559223134;-3.46648391961316;-26.9778733165263;
9.45;-0.907922584518595;-1.73292756086368;-3.48358454503747;-26.9961120586111;
9.5;-0.920523626529732;-1.74552752131499;-3.49618730542617;-27.0098723356394;
9.55;-0.933687631757843;-1.75869118920436;-3.50934787183744;-27.024217111716;
9.6;-0.929568023155878;-1.75457349771806;-3.50522878284473;-27.021275551099;
9.65;-0.954412032587996;-1.77941664796171;-3.53007344884766;-27.0473292043189;
9.7;-0.967859060837241;-1.79286850925757;-3.54352532644679;-27.0620214259402;
9.75;-0.972048230211242;-1.79705472360677;-3.54771465622431;-27.067456012932;
9.8;-0.984542004713058;-1.80954605545658;-3.56020685223282;-27.0812079785457;
9.85;-0.98378794610309;-1.80924047000251;-3.55990461857357;-25.2612409808949;
9.9;-0.99520105238401;-1.69312725693485;-3.5795503142197;-23.4107843954844;
9.95;-1.03438844893294;-1.51747808920281;-3.64451593207554;-22.1783063042151;
10;-1.03444030696127;-1.39872069627491;-3.68577279116348;-21.2989229977391;
10.05;-1.03670105826516;-1.34767012704888;-3.74031995211384;-20.71552794502;
10.1;-0.995389962774055;-1.26978797009088;-3.35440109650146;-20.2902194616961;
10.15;-1.0331110608977;-1.28204812795715;-2.57378848425366;-20.1140829817222;
10.2;-1.01503826903799;-1.2421429332814;-1.85726460130305;-20.0090047284746;
10.25;-1.04002489919963;-1.25239138241925;-1.34998757529781;-20.0596406912822;
10.3;-1.0082369849133;-1.20327273899021;-0.905199258595551;-20.1279253939635;
10.35;-1.0361754465452;-1.21676721632712;-0.618346660892329;-20.3214676778434;
10.4;-1.01474089980233;-1.18082695608078;-0.361564258897766;-20.5122666387145;
10.45;-1.02933411146969;-1.17926775461927;-0.208026544003211;-20.7700330948806;
10.5;-1.03980455389576;-1.17078636338324;-0.106725058189999;-21.0369729937151;
10.55;-1.08370118558281;-1.22762251890295;-0.120885090075299;-21.4224735034304;
10.6;-0.895536128426475;-1.04113318881407;0.0666432459386339;-21.5915249136636;
10.65;-0.884466382717261;-1.00030651337107;0.0721822875995682;-21.8983030066931;
10.7;-0.947501353051006;-1.03980715340753;-0.0347741322045082;-22.2800953480221;
10.75;-0.942276329691938;-1.01244987568593;-0.102585142205167;-22.5810267017106;
10.8;-0.993197053850439;-1.08489175816584;-0.294030856677824;-23.0310061491072;
10.85;-0.723417998794755;-0.818006589463074;-0.166199234617233;-23.1580228591733;
10.9;-0.73273427482636;-0.790743608892324;-0.295850713776683;-23.5011278088377;
10.95;-0.803720843334027;-0.817346190927203;-0.494807118772255;-23.8552878326934;
11;-0.919349280795248;-0.910661152365722;-0.773484213798009;-24.2546511260923;
11.05;-0.916510138365209;-0.901580155540072;-0.960582522714926;-24.5439072716729;
11.1;-0.91037938035373;-0.89032045784566;-1.15344121380255;-24.8231691579911;
11.15;-0.911074363777431;-0.871762413244742;-1.33730076607806;-25.0652197141406;
11.2;-1.00879592574787;-0.964295843837214;-1.62501004585616;-25.4050550359315;
11.25;-0.97693629961713;-0.932228901449978;-1.78685383462779;-25.6061257644399;
11.3;-1.00177433085588;-0.961585989653401;-2.00924939536555;-25.8653789129784;
11.35;-0.957451821052613;-0.920058930902944;-2.15820142959107;-26.046401610078;
11.4;-0.956029248252867;-0.914029503983752;-2.33848642620927;-26.2484856187424;
11.45;-0.965155218613116;-0.920828780991122;-2.52558895296157;-26.4502379213157;
11.5;-0.949948868316372;-0.90075224019377;-2.67777664156647;-26.6063171400001;
11.55;-0.963620027063745;-0.909155616380911;-2.84872269085467;-26.7709650397008;
11.6;-0.961157173444354;-0.901278265602985;-2.99185898206789;-26.8975648715069;
11.65;-0.970345765102485;-0.904347817037007;-3.13357637242309;-27.0126955183308;
11.7;-0.979444172322133;-0.912164286624369;-3.26616038548566;-27.1150450651782;
11.75;-0.956688104702886;-0.88427841721149;-3.34744292994992;-27.1577483830869;
11.8;-0.974399537426829;-0.896329312212817;-3.45172591069515;-27.2160309857079;
11.85;-0.968603475794544;-0.886493033412455;-3.51545682220802;-27.2284589022361;
11.9;-0.965122561703331;-0.878372292510515;-3.56066501007102;-27.2165056954957;
11.95;-0.959888871531733;-0.866276942969635;-3.58081767864763;-27.1730960240463;
12;-0.968399036540167;-0.865320517376622;-3.59176275716028;-27.1113185204896;
12.05;-0.989275772410545;-0.877923487981362;-3.59528278872566;-27.0328709650744;
12.1;-1.00181982557567;-0.883545825727629;-3.56923098609862;-26.9163481098441;
12.15;-1.01682510744438;-0.892411247549339;-3.52215705438901;-26.7703503277566;
12.2;-1.02917444160837;-0.899464156288647;-3.4474191025604;-26.5900193430984;
12.25;-1.0403141958226;-0.905215914885395;-3.34418683933931;-26.3736256613119;
12.3;-1.05397235594003;-0.914224650776599;-3.21547666143937;-26.1262776172264;
12.35;-1.06170131646452;-0.919427800505696;-3.05295556035262;-25.8425019196677;
12.4;-1.0564504754372;-0.908149064257208;-2.84242061559298;-25.5040608951775;
12.45;-1.07717602868329;-0.923692917491415;-2.69005016216066;-25.1551896165352;
12.5;-1.07327748602483;-0.91298465596406;-2.56387842223881;-24.7370242535623;
12.55;-1.09109895972447;-0.923059779932798;-2.42417860649087;-24.2965514557707;
12.6;-1.09994678341603;-1.06060118736095;-2.47504709211467;-24.3090373719917;
12.65;-1.11842833471811;-1.21570383569281;-2.62115204584415;-24.447545339956;
12.7;-1.10305857031179;-1.28294390374066;-2.68756830262968;-24.5123638793431;
12.75;-1.09318442551149;-1.32849769094358;-2.73303802495474;-24.556861284119;
12.8;-1.11395459105973;-1.39124486950759;-2.7957695090496;-24.618724210101;
12.85;-1.09981660742631;-1.40860990561501;-2.81312729519859;-24.6355069560617;
12.9;-1.12009900329689;-1.45406673300367;-2.85858220059302;-24.6806672085143;
12.95;-1.07547707630712;-1.4281598298952;-2.83267098570443;-24.6547208987511;
13;-1.10790707397874;-1.47567858285241;-2.88018389215249;-24.702394422489;
13.05;-1.13687023568434;-1.51744137814264;-2.92194232646394;-24.7444925852128;
13.1;-1.05062420230327;-1.44037658028371;-2.84487655458793;-24.6678476959275;
13.15;-1.1079349900916;-1.50519231010305;-2.90969223148488;-24.7332044862492;
13.2;-1.16635626195534;-1.57057270871971;-2.97507845538473;-24.7992804315274;
13.25;-1.09878703677367;-1.50881069823676;-2.91332089358819;-24.7382445993356;
13.3;-0.969511431473721;-1.382841915631;-2.78735580125398;-24.6129032912305;
13.35;-0.960938277942196;-1.37675414593466;-2.78126691679011;-24.6074334236568;
13.4;-1.06812691293879;-1.4865352472544;-2.89104303992262;-24.7179996045308;
13.45;-0.840100726203239;-1.26003024327101;-2.66453591804227;-24.4920801176838;
13.5;-0.915297807315689;-1.33675912752385;-2.74126177276389;-24.569416444796;
13.55;-0.944639615972417;-1.36696349865298;-2.77146130057947;-24.6003355057223;
13.6;-1.01832139410707;-1.44172415637162;-2.84621812716098;-24.6759505334722;
13.65;-1.05388969978738;-1.47828028370272;-2.88276927145827;-24.713465036675;
13.7;-0.999992559226544;-1.42519500489642;-2.82968561909762;-24.6612907565172;
13.75;-0.978941457540997;-1.40474752854958;-2.80923943733852;-24.6417120608843;
13.8;-1.08084251284791;-1.50723254035312;-2.91172774394388;-24.7452285558807;
13.85;-1.06670877677216;-1.49360868257098;-2.89810748241752;-24.7326760500787;
13.9;-1.08184358153659;-1.50914264663628;-2.91363947847355;-24.7492937897249;
13.95;-1.09460830066907;-1.52226893490318;-2.92676407139905;-24.7635400885027;
14;-1.07156246545534;-1.49950087645501;-2.90399296903482;-24.7418646664022;
14.05;-1.07432879891834;-1.50248979658544;-2.90697844295634;-24.7459396985443;
14.1;-1.05544289659509;-1.48383993279353;-2.88832690579909;-24.7283566269251;
14.15;-1.06738276884886;-1.49593360149277;-2.90041952834866;-24.7415262826411;
14.2;-1.06345383629248;-1.49214838393603;-2.89663454263349;-24.738817484449;
14.25;-1.05432616570096;-1.48314377538948;-2.88763076432509;-24.7308754040362;
14.3;-1.06731494144704;-1.49621462096335;-2.90070125862782;-24.7450254696978;
14.35;-1.06115098855747;-1.49012906138293;-2.89461328126901;-24.7400202522789;
14.4;-1.06713092161189;-1.4961664136857;-2.90064950849056;-24.7471398570999;
14.45;-1.06008976847278;-1.48918188109688;-2.89366666445684;-24.7412338002807;
14.5;-1.06026036897457;-1.48937442104099;-2.89386197248655;-24.7425039391168;
14.55;-1.05367778722914;-1.48285360590958;-2.8873440077312;-24.737050778497;
14.6;-1.06959504358473;-1.49881063334216;-2.903301126161;-24.75409424258;
14.65;-1.08627398643334;-1.51552342976763;-2.92001514647615;-24.7719320082541;
14.7;-1.09828078606938;-1.52753735361167;-2.93202933875411;-24.7850957630975;
14.75;-1.11165113016957;-1.54091423967124;-2.94540577767297;-24.7996459315081;
14.8;-1.10797143183075;-1.53725672763892;-2.94174938878995;-24.7971547255352;
14.85;-1.1322502993248;-1.56155245227336;-2.9660422512003;-24.8226530974513;
14.9;-1.14460271093545;-1.57391148155872;-2.97840414629487;-24.8362417433606;
14.95;-1.1591804055329;-1.58849228079799;-2.99298925339485;-24.8520780076327;
15;-1.17498249949627;-1.6043179192415;-3.00881696606803;-24.8691848710837;
15.05;-1.18646357463686;-1.61578636318864;-3.02028765007103;-24.8819487879116;
15.1;-1.19558063574401;-1.62492926209264;-3.02943079549479;-24.8923993614621;
15.15;-1.2121506501052;-1.6415139752398;-3.04600752868386;-24.9103048136895;
15.2;-1.20957898121663;-1.63893707530622;-3.04342350831115;-24.9090388589503;
15.25;-1.22746194314841;-1.65682866320018;-3.06131016765806;-24.9282653518545;
15.3;-1.21822521718599;-1.64758404241536;-3.0520652280784;-24.920337660264;
15.35;-1.20871550042808;-1.63808317467469;-3.04256116832184;-24.9121185124363;
15.4;-1.19009298094712;-1.61945475974544;-3.02392806886799;-24.8947227404198;
15.45;-1.19386954735014;-1.62323408244315;-3.0277071003849;-24.8997234563323;
15.5;-1.17918758665946;-1.60854454267272;-3.01301624789081;-24.8862328129371;
15.55;-1.16927112346353;-1.59860033947379;-3.00307821044456;-24.8774553879737;
15.6;-1.17563164324264;-1.60473528635116;-3.00921125196766;-24.884757220536;
15.65;-1.17571245211859;-1.60507581336172;-3.00954985085126;-24.8862638559174;
15.7;-1.2039659401109;-1.63332340688679;-3.03779333530434;-24.9157181143548;
15.75;-1.12355462113611;-1.55291091689947;-2.95738354258278;-24.8363887793919;
15.8;-1.10754962810094;-1.53683194953404;-2.94130135679536;-24.8213173087498;
15.85;-1.10304132052421;-1.53225674630965;-2.93672403188755;-24.8177460686804;
15.9;-1.12605958756053;-1.5556558172132;-2.96012594270489;-24.8421896343876;
15.95;-1.20547475244557;-1.63482778210708;-3.03929811529451;-24.9225462415425;
16;-1.08676564345055;-1.51611471516949;-2.92058415148057;-24.8048560730597;
16.05;-1.06346665176316;-1.49279277720892;-2.89726048606784;-24.78244989772;
16.1;-1.00937194243898;-1.43882686530624;-2.84328988540816;-24.7293146727776;
16.15;-1.01962254196109;-1.4489445012911;-2.85341057838977;-24.7402654672083;
16.2;-1.14915930975421;-1.57844723919399;-2.98292029571687;-24.8708301748579;
16.25;-1.11394035788529;-1.54325699523147;-2.9477307763105;-24.8367051363423;
16.3;-1.09652733350787;-1.52585504744999;-2.93032977290977;-24.8203137441922;
16.35;-1.11479997813799;-1.54411803720702;-2.94859090913501;-24.8396047051751;
16.4;-1.17475331992799;-1.60408479002387;-3.00855801799704;-24.9007116607968;
16.45;-1.19520718140612;-1.62452647154994;-3.02900690964406;-24.9223571475574;
16.5;-1.16009466614038;-1.58942394167332;-2.99390199547127;-24.8883987145244;
16.55;-1.18383779178302;-1.61315605907953;-3.01762771218301;-24.9132886637268;
16.6;-1.15147785117052;-1.58096715512813;-2.98543966288502;-24.882216597139;
16.65;-1.13920628690926;-1.56854799188273;-2.97302040695978;-24.8708730889622;
16.7;-1.14554739039177;-1.57486850827263;-2.9793425958938;-24.8782723151176;
16.75;-1.14089541792736;-1.57026248616259;-2.97473726493964;-24.8747396651861;
16.8;-1.15404676648966;-1.58341402113824;-2.98789012833464;-24.8889834471982;
16.85;-1.15182559987284;-1.58116014093807;-2.98563360972009;-24.8878257706835;
16.9;-1.15903980399974;-1.58839379703935;-2.99286638724106;-24.8961623833551;
16.95;-1.1671515415368;-1.59649971417404;-3.00096971030786;-24.9053791834448;
17;-1.16005946392574;-1.58940903828287;-2.99387962394426;-24.8993966553054;
17.05;-1.16133347368569;-1.59067550795957;-2.99514752071844;-24.9017644571201;
17.1;-1.13964585177221;-1.56899070570049;-2.97346218402193;-24.8811406046259;
17.15;-1.14902095636437;-1.57836159672306;-2.98283265417172;-24.8915731751581;
17.2;-1.15871096528251;-1.58810602645422;-2.99256739759714;-24.9023985294244;
17.25;-1.16760378074057;-1.59701912230935;-3.0014801972241;-24.9124167282138;
17.3;-1.18696454562671;-1.61637135035973;-3.0208329597768;-24.9329073022117;
17.35;-1.19994448322929;-1.62935536999982;-3.03381606461161;-24.9470564764982;
17.4;-1.21423184613374;-1.64364743906142;-3.04810195217821;-24.9625347898249;
17.45;-1.22589958274206;-1.65530873856838;-3.05976067082807;-24.9754104396334;
17.5;-1.24481877696843;-1.67422851778552;-3.07867652191235;-24.995575631169;
17.55;-1.25087083100709;-1.68027443138801;-3.0847199540533;-25.0028778269909;
17.6;-1.26951170192379;-1.69891961295642;-3.1033650103675;-25.0228000190511;
17.65;-1.27178983617805;-1.70119257747054;-3.10563658649643;-25.0263543817319;
17.7;-1.28942347866585;-1.71883126965392;-3.12327317533889;-25.0452976261517;
17.75;-1.28678735265015;-1.71619709601712;-3.1206316110798;-25.0439563505078;
17.8;-1.30352026878857;-1.73293424077185;-3.13736913993439;-25.0620082113311;
17.85;-1.29418876504476;-1.72359643879199;-3.1280308110929;-25.0539666554589;
17.9;-1.31070559736199;-1.74011877719861;-3.14455044783124;-25.0717926039243;
17.95;-1.26620213688;-1.69560796941709;-3.10004366660818;-25.0285102339413;
18;-1.30799085985691;-1.73733994139709;-3.14177624443795;-25.071507016394;
18.05;-1.31024972033998;-1.73965187207645;-3.14408951553674;-25.0751051925422;
18.1;-1.3237390845329;-1.75307616044585;-3.15751637701802;-25.0898279535608;
18.15;-1.30757979869808;-1.73697819344968;-3.1414149091527;-25.0749961258334;
18.2;-1.32005945947995;-1.74942837760641;-3.15386337122039;-25.0887153601378;
18.25;-1.28375302365903;-1.7131384561388;-3.11757393925877;-25.0536332622362;
18.3;-1.32708309922004;-1.75647298180098;-3.1609064351709;-25.0982195878002;
18.35;-1.24145543527565;-1.67083831477517;-3.07527524106211;-25.0137132795762;
18.4;-1.31342471615041;-1.74281183893586;-3.14724927379481;-25.0868798283694;
18.45;-1.37961341620284;-1.80906778137856;-3.21350812273031;-25.1544781261477;
18.5;-1.2639012271711;-1.69327029180307;-3.09771501436802;-25.0398575301989;
18.55;-1.28881766441645;-1.71829013775985;-3.12273626248913;-25.0660165991385;
18.6;-1.2369341274571;-1.66634972979902;-3.07079367198914;-25.0151438017113;
18.65;-1.14732349532758;-1.57680502467741;-2.98124754868842;-24.9264963822859;
18.7;-1.19862520132393;-1.62806287367498;-3.03250777957408;-24.9786998389618;
18.75;-1.19127667172153;-1.6206100169367;-3.02505214230467;-24.9722061108112;
18.8;-1.20638716335758;-1.63572185823345;-3.04016599330639;-24.988307201761;
18.85;-1.21264786597001;-1.64199116202393;-3.04643437323261;-24.9955803263653;
18.9;-1.22525399614073;-1.65460984693101;-3.05905169741819;-25.0092183601536;
18.95;-1.2558746040084;-1.68520697549441;-3.0896451935192;-25.040896824033;
19;-1.24077989694438;-1.67012458374173;-3.07455933265884;-25.0268874962718;
19.05;-1.2768064859446;-1.70614884270194;-3.11057831193863;-25.064037900353;
19.1;-1.26028784274161;-1.68963044802597;-3.09405929535929;-25.048637316239;
19.15;-1.26844752523885;-1.69778909749426;-3.10221807092787;-25.0579110413537;
19.2;-1.27579352571831;-1.70513777830496;-3.10956892553366;-25.0663905114903;
19.25;-1.2525284790641;-1.68187646363015;-3.08630683747288;-25.0442214065704;
19.3;-1.26244514950678;-1.69182219707493;-3.09624714544331;-25.0552564827547;
19.35;-1.2436442137614;-1.67300634503494;-3.07743137277216;-25.0375069127613;
19.4;-1.264646064074;-1.69402734067518;-3.09845035459845;-25.0596170868789;
19.45;-1.26205032735224;-1.69143610861592;-3.09585741497729;-25.0581220103467;
19.5;-1.25086799441286;-1.68023068491331;-3.08465154044464;-25.0479874656726;
19.55;-1.26006098583206;-1.68941802118487;-3.09384331096575;-25.0582592311798;
19.6;-1.25348434553822;-1.68284295747437;-3.08726712915247;-25.0527607113963;
19.65;-1.25504476052031;-1.68439368228469;-3.08881750135769;-25.0553843689412;
19.7;-1.24803956837874;-1.67739575415196;-3.08181926040932;-25.0494462751267;
19.75;-1.25375030390912;-1.68314083813651;-3.08756757676431;-25.056260255113;
19.8;-1.27015852583427;-1.6995548537643;-3.1039863599909;-25.0737691037638;
19.85;-1.28359886925521;-1.71299891168594;-3.11743021610762;-25.0883387957808;
19.9;-1.29804623403435;-1.72744837472535;-3.13188221597892;-25.1039447866889;
19.95;-1.29368592764181;-1.7230811160253;-3.1275167305864;-25.1007228676932;
20;-1.31971247417745;-1.74912485766094;-3.15355819988425;-25.1279480230321;
20.05;-1.33245209697053;-1.76186792480085;-3.16629850247927;-25.1419006662573;
20.1;-1.33844358860413;-1.76786377305917;-3.17229019179834;-25.149113620336;
20.15;-1.35047956588587;-1.77990188514397;-3.18432698979932;-25.1623887961058;
20.2;-1.36544559058249;-1.79485032005421;-3.19927511203528;-25.1785996254954;
20.25;-1.38214665053468;-1.81201100740583;-3.21643997041868;-23.6258062053724;
20.3;-1.38648933417152;-1.69066949067691;-3.29932383894951;-22.08068895254;
20.35;-1.39938335897083;-1.49164499078364;-3.64563495757058;-21.062459457407;
20.4;-1.41780718514911;-1.39232197637717;-4.11411720923986;-20.3934625236617;
20.45;-1.41063128873599;-1.32906717592693;-4.06041066661703;-19.9463485868957;
20.5;-1.40254114273562;-1.29048793322074;-3.30923928677791;-19.6888233801626;
20.55;-1.38749936882941;-1.24917499829252;-2.53371178111506;-19.5589733055413;
20.6;-1.41144915234452;-1.25532029451432;-1.91907408861085;-19.5886586573534;
20.65;-1.38478384075853;-1.20983297416382;-1.36825479156483;-19.6499869112538;
20.7;-1.41062327535381;-1.21927962319641;-0.975000268441274;-19.8328032493251;
20.75;-1.39857741846946;-1.19228981640085;-0.635635547509006;-20.0308728216219;
20.8;-1.4079597105803;-1.18484204369007;-0.395945898908208;-20.2839338331947;
20.85;-1.4269013534987;-1.1903466260688;-0.239092782613501;-20.5781354636536;
20.9;-1.42846989717487;-1.17289785523579;-0.119847982040453;-20.8577611458158;
20.95;-1.48635853618006;-1.22802011761247;-0.125146821705243;-21.2345983744053;
21;-1.41609388891176;-1.1548102904269;-0.047600780338377;-21.5006056251084;
21.05;-1.41706918451319;-1.15649603938637;-0.0838656009471076;-21.8644497284784;
21.1;-1.33090200338895;-1.05743373972923;-0.0518346667975147;-22.1274339872577;
21.15;-1.36803133691382;-1.08592770066709;-0.175801692913273;-22.5282238098007;
21.2;-1.29176906534914;-1.00345343526826;-0.214264836305952;-22.8279986494552;
21.25;-1.26230083629683;-0.955037259531686;-0.30986644907099;-23.1538953837374;
21.3;-1.28778850179262;-0.954170879783443;-0.471510529446867;-23.505270880057;
21.35;-1.33142901723071;-0.984551871525946;-0.678455284531817;-23.8780415103336;
21.4;-1.30059880699749;-0.941518284750572;-0.823504543855729;-24.1642194877098;
21.45;-1.32085242256671;-0.952548651692461;-1.03136714620923;-24.4955251729893;
21.5;-1.29597568924768;-0.905667125441708;-1.17993894355304;-24.735843150858;
21.55;-1.3928141546521;-0.982975010389617;-1.44622105707073;-25.0697296409158;
21.6;-1.42615822144643;-1.01872776543569;-1.6704519828945;-25.3544181957802;
21.65;-1.37613273302911;-0.97053373527466;-1.80967358134427;-25.5453285547803;
21.7;-1.3755932561927;-0.966020364920882;-1.98951777225146;-25.7649616860545;
21.75;-1.37391168462218;-0.962189238877409;-2.16497151455449;-25.9747342960399;
21.8;-1.35082865656867;-0.935597589178649;-2.31112245403485;-26.1474020646325;
21.85;-1.34311636128322;-0.918992396909478;-2.45883212601231;-26.3087155988191;
21.9;-1.35656381494693;-0.922033560940668;-2.61685518972193;-26.466329783363;
21.95;-1.3708627152184;-0.929965317551065;-2.7688992225195;-26.6080150073936;
22;-1.36373973345367;-0.91641506221624;-2.88670397110259;-26.705493878079;
22.05;-1.37201512884464;-0.92116836828927;-3.00833878325011;-26.8018773637913;
22.1;-1.35015658888003;-0.892108026726994;-3.07986022928622;-26.8386016963652;
22.15;-1.36708480213069;-0.903276049701329;-3.17379183336358;-26.8918157548043;
22.2;-1.34869261575753;-0.878013372455137;-3.21186707615118;-26.8815453346164;
22.25;-1.35686623861406;-0.877394053127951;-3.25467640308219;-26.8676569363606;
22.3;-1.36206682332345;-0.87359595260586;-3.27336851575102;-26.8198452858244;
22.35;-1.37355827178882;-0.876221951274481;-3.27708840224326;-26.7490155493339;
22.4;-1.38619887298919;-0.880336458499522;-3.26090064690632;-26.6490967037096;
22.45;-1.40285550865341;-0.889503033316993;-3.2272745197423;-26.5238810342373;
22.5;-1.41700180339386;-0.897198638484123;-3.16845141923867;-26.3654062109316;
22.55;-1.43149415455258;-0.906214020373137;-3.08531067166774;-26.1758383300443;
22.6;-1.44148179925038;-0.910645755781654;-3.00189098567819;-25.9462408775794;
22.65;-1.45562082542117;-0.919957891489473;-2.93749697315186;-25.6865851987464;
22.7;-1.46237522850114;-0.921151643053333;-2.83529611303691;-25.3805627828544;
22.75;-1.47736756627828;-0.931400633096821;-2.70232511773008;-25.0464020501611;
22.8;-1.47999666044776;-0.93080543951946;-2.54960527184849;-24.6649886790243;
22.85;-1.47541301198277;-0.91959781599455;-2.38818521005245;-24.2313922888298;
22.9;-1.49032214187635;-0.927991204056998;-2.20438128309968;-23.7756582420068;
22.95;-1.4877145217177;-1.05221447211328;-2.22097404407501;-23.7688223917543;
23;-1.50652698615996;-1.20522923742884;-2.36282108695845;-23.9044735303701;
23.05;-1.50721183631714;-1.28892688728431;-2.4454911848177;-23.9855893874519;
23.1;-1.5000619347632;-1.33805878282135;-2.49451063211771;-24.0336146495636;
23.15;-1.51932600234695;-1.39978819363963;-2.55621881489138;-24.0944428612033;
23.2;-1.50567314068079;-1.41816444480939;-2.57458740103184;-24.1122347472346;
23.25;-1.52785613630435;-1.46573302393172;-2.62214530399955;-24.1595042720611;
23.3;-1.49889626758778;-1.45611564681315;-2.6125215490707;-24.1498433482692;
23.35;-1.50648652257003;-1.47886534382328;-2.63526640900447;-24.1727470303845;
23.4;-1.44580411764213;-1.42954986636337;-2.58594867370747;-24.1237283742088;
23.45;-1.43170360377486;-1.42397991608453;-2.58037478537401;-24.1185538269059;
23.5;-1.38006906688444;-1.37829135505289;-2.53468471682296;-24.0733166532424;
23.55;-1.41813641359129;-1.42232131020385;-2.57871101880638;-24.1178844035579;
23.6;-1.51282066423937;-1.52207041966139;-2.67845603949288;-24.218342304098;
23.65;-1.58072883915844;-1.59464429023292;-2.75102511238037;-24.2917885133686;
23.7;-1.50837314448059;-1.52601950214937;-2.68239965846525;-24.2240365391076;
23.75;-1.44090706409843;-1.46085230932036;-2.61723178937633;-24.1596717628121;
23.8;-1.34659007479709;-1.3685948004833;-2.52496880987458;-24.068106746118;
23.85;-1.39109523124003;-1.41467454291896;-2.57105312385609;-24.1149425084104;
23.9;-1.36624527974522;-1.39116437926522;-2.54754681908557;-24.0922058578954;
23.95;-1.40805390438605;-1.43398514556299;-2.59036603368832;-24.1358671241425;
24;-1.42711675803061;-1.45401540709293;-2.61039315582866;-24.1568043658843;
24.05;-1.46124466781279;-1.4889702943703;-2.64534538384416;-24.1927449351959;
24.1;-1.50054419750411;-1.52905002905903;-2.68542677972759;-24.2338925570739;
24.15;-1.45290478539497;-1.48225475500496;-2.63863357962534;-24.1881301270182;
24.2;-1.45985792082949;-1.48941442399805;-2.6457947857799;-24.1963117890544;
24.25;-1.47664512943702;-1.50660715936887;-2.66298573042078;-24.2145643207768;
24.3;-1.47555436517266;-1.50585665427308;-2.66224055303647;-24.2148954631196;
24.35;-1.46517998236266;-1.49578165341495;-2.65216556766519;-24.2058847042896;
24.4;-1.46739213374406;-1.49823462963362;-2.65461502554155;-24.2094004676059;
24.45;-1.45872161967257;-1.48975187972813;-2.64613219902353;-24.2019713271236;
24.5;-1.47097576600784;-1.50217757779294;-2.65855486805151;-24.2154673596905;
24.55;-1.46663979900908;-1.49797837318855;-2.6543540911334;-24.2123454699044;
24.6;-1.47308192209158;-1.50453716614465;-2.66091138520446;-24.2199902603631;
24.65;-1.47958009537339;-1.51112876911569;-2.66750948453981;-24.2276925832922;
24.7;-1.45795324359032;-1.48953231972896;-2.6459136087368;-24.2071724858781;
24.75;-1.46511718335579;-1.49676341561482;-2.65314791866858;-24.2154778635604;
24.8;-1.45845520231117;-1.49015576276893;-2.64653885711955;-24.2099353690912;
24.85;-1.45756692624078;-1.48929569440482;-2.64567891873418;-24.2101360480395;
24.9;-1.46394466878338;-1.49569402824659;-2.65207979761995;-24.2176069841867;
24.95;-1.48071610262603;-1.51251671003014;-2.6689055068301;-24.235534239032;
25;-1.49692984754167;-1.52876386305384;-2.68515149424827;-24.2529166758947;
25.05;-1.5100100983932;-1.54187138551323;-2.69826468623436;-24.2671900116932;
25.1;-1.52658786451539;-1.55847052242736;-2.71486874473229;-24.2849879992659;
25.15;-1.53560602575635;-1.56751435957715;-2.72391391670706;-24.295245523586;
25.2;-1.55177752634367;-1.58370224212829;-2.7400967066072;-24.3126615838599;
25.25;-1.55654350014202;-1.58848905682774;-2.74488360990004;-24.3186883131609;
25.3;-1.55425640791157;-1.58619971359616;-2.74259641780712;-24.3176329915116;
25.35;-1.5723643478501;-1.60433482619983;-2.76073122820146;-24.3370252973368;
25.4;-1.58820360237166;-1.62018609897581;-2.77658027016786;-24.3541580413774;
25.45;-1.5834094960334;-1.61540566851555;-2.77180044287056;-24.3506545098425;
25.5;-1.61990464704291;-1.65187983408449;-2.80826655801696;-24.3884454652502;
25.55;-1.62078861684562;-1.65278380830455;-2.8091680513244;-24.3906756675542;
25.6;-1.63814877600815;-1.67014826988716;-2.82653556312213;-24.4093900727557;
25.65;-1.59959689959596;-1.63161022812682;-2.78799638915152;-24.3721355730066;
25.7;-1.61761399313797;-1.64960192366364;-2.80598267405245;-24.3913976594831;
25.75;-1.59938239248338;-1.63141648522006;-2.787800396714;-24.3744606365546;
25.8;-1.62236297216282;-1.65443704287847;-2.81082368446575;-24.3987511142317;
25.85;-1.5904511605727;-1.62255425546123;-2.77894107154692;-24.3680858743019;
25.9;-1.58477453391536;-1.61678710384569;-2.77317479307079;-24.363502922221;
25.95;-1.53972865873949;-1.57096239675004;-2.72734842154116;-24.3187791816369;
26;-1.59118319906326;-1.62356957835613;-2.77995655975639;-24.3725524980876;
26.05;-1.63109592501874;-1.6632118541134;-2.81959725971815;-24.4134498971822;
26.1;-1.68301227337425;-1.71491447622619;-2.87129791954593;-24.4664974293429;
26.15;-1.61608269781108;-1.64809402493287;-2.80447507788419;-24.4009252967957;
26.2;-1.55297715479975;-1.58461209477437;-2.74099006282919;-24.3385346461034;
26.25;-1.50268805113676;-1.53491981160409;-2.69129241906381;-24.2898240559094;
26.3;-1.59408408707587;-1.62536908272568;-2.78174448862488;-24.3813871533949;
26.35;-1.364435034153;-1.39606905597414;-2.55244775876053;-24.1528847886598;
26.4;-1.49572506529664;-1.52760604886272;-2.68398913829282;-24.2853104397255;
26.45;-1.44816517297585;-1.47975901486835;-2.6361437088816;-24.2383581551217;
26.5;-1.52223673036646;-1.55411409807959;-2.71049670802749;-24.313700682814;
26.55;-1.54846702238253;-1.58018799476212;-2.73656840223946;-24.3408439325866;
26.6;-1.51167739270464;-1.54351986591408;-2.69989985751919;-24.3051949058445;
26.65;-1.48798755479691;-1.51984457642607;-2.67622720073277;-24.2824821146117;
26.7;-1.58628165125188;-1.61814918954125;-2.77453177584012;-24.3818947597537;
26.75;-1.60936351734892;-1.64126339012529;-2.79764747918523;-24.4062145356226;
26.8;-1.58839391806613;-1.62030373311402;-2.77668682250305;-24.3864283349577;
26.85;-1.59742761617833;-1.6293662859189;-2.78575011197715;-24.3966598650473;
26.9;-1.5606429619597;-1.60871923817093;-2.76510399305686;-24.377149840074;
26.95;-1.57579639450747;-1.60873783249082;-2.76511970205309;-24.3782914139539;
27;-1.56090570209332;-1.59318822682158;-2.7495704101004;-24.3638373197811;
27.05;-1.55091413905134;-1.58320223609964;-2.73958136044321;-24.3549205729011;
27.1;-1.56743066445133;-1.59970083633549;-2.75607986431375;-24.3725106122218;
27.15;-1.56248535805001;-1.59476382225965;-2.75114559841508;-24.3686609364817;
27.2;-1.57173310658376;-1.60397718908594;-2.76035569930518;-24.378968434527;
27.25;-1.56670455472497;-1.59894735601085;-2.75532404638479;-24.3750306928291;
27.3;-1.57014969322574;-1.6023680007113;-2.75874111216057;-24.3795408828142;
27.35;-1.5656640024842;-1.59788628827829;-2.75426037756157;-24.3761427761067;
27.4;-1.56333703828446;-1.59551841816965;-2.75189129795022;-24.3748513432446;
27.45;-1.56171915823772;-1.59424965370661;-2.75062041830288;-24.3746538088015;
27.5;-1.55833536515899;-1.59086472188692;-2.74723226136165;-24.3723341948859;
27.55;-1.58741203242611;-1.61994044711636;-2.77630406032481;-24.4025144608945;
27.6;-1.60118152935434;-1.63370517481903;-2.7900683756937;-24.4174212127755;
27.65;-1.61170127357143;-1.6441976319376;-2.80056578074355;-24.4290780560251;
27.7;-1.62744277389507;-1.65993957508844;-2.81631000849683;-24.4460134631722;
27.75;-1.64129475408491;-1.67377392612794;-2.83014764236658;-24.461068443157;
27.8;-1.65671742647301;-1.68918711654704;-2.84556129707389;-24.4777256372333;
27.85;-1.66475967872148;-1.69720862574589;-2.85358294426708;-24.487002631265;
27.9;-1.67932013761681;-1.71172492060015;-2.868101972282;-24.5027978244543;
27.95;-1.68279630296459;-1.71519268968605;-2.8715710299103;-24.5075464867811;
28;-1.69816551042101;-1.7305928112828;-2.88696994232891;-24.5242439867709;
28.05;-1.69728085946733;-1.72966433645626;-2.88604280941737;-24.5246100875865;
28.1;-1.71237729523461;-1.744784434607;-2.90116110026158;-24.5410309811559;
28.15;-1.73517970813278;-1.76761545538139;-2.92399142477829;-24.5652025312826;
28.2;-1.72179954899744;-1.75417304109554;-2.9105469024089;-24.5530791049005;
28.25;-1.71507078159856;-1.74751807007622;-2.90389135497465;-24.5477090103466;
28.3;-1.69209683707252;-1.72447881297959;-2.88085340517861;-24.5259012990258;
28.35;-1.71453874953712;-1.74694075222989;-2.90331687557404;-24.5496068288341;
28.4;-1.70694549035777;-1.7390306014676;-2.89540682988257;-24.5429394435547;
28.45;-1.71519340857497;-1.74755664901442;-2.90393606000248;-24.5527107332913;
28.5;-1.74445154697939;-1.77687113649318;-2.93325277046266;-24.583315722703;
28.55;-1.70676216674566;-1.73915395608286;-2.89553360922272;-24.5468243290584;
28.6;-1.71807523049988;-1.75044456036113;-2.90682872892308;-24.559336460771;
28.65;-1.62981113566709;-1.66166663337634;-2.81805196195966;-24.4716398372833;
28.7;-1.71867443011455;-1.75096297820441;-2.90734393460352;-24.5621089972878;
28.75;-1.70427202587108;-1.73646037188622;-2.89284039346643;-24.548803772444;
28.8;-1.72671961030104;-1.75820226232025;-2.91458250759716;-24.5717562961035;
28.85;-1.78606767864313;-1.8175538940466;-2.9739360862824;-24.6324239301701;
28.9;-1.69931670871688;-1.7309545235079;-2.88733669582575;-24.5470234374533;
28.95;-1.58238644439491;-1.61401575654442;-2.7703920561828;-24.4310319540127;
29;-1.57872023773362;-1.61036315131409;-2.76673874592374;-24.4282642032954;
29.05;-1.59314928354611;-1.62505274737598;-2.78142871378047;-24.4438774942042;
29.1;-1.60042161571906;-1.63236645206073;-2.7887471529378;-24.4521454683972;
29.15;-1.62147575959611;-1.65333521342497;-2.80971508998583;-24.4741017493238;
29.2;-1.6377549720728;-1.66955204345651;-2.8259331352007;-24.4913473838815;
29.25;-1.69566066058292;-1.72753924848245;-2.88391981264518;-24.5504640013604;
29.3;-1.71481920493555;-1.74660493755134;-2.90298989927828;-24.5707183667974;
29.35;-1.67948250478633;-1.71131609824256;-2.86770389458925;-24.53656406101;
29.4;-1.69999962221224;-1.73174360568976;-2.8881283496054;-24.558129719932;
29.45;-1.6799877681512;-1.71171362702536;-2.86810182955591;-24.5392185923403;
29.5;-1.65949646825698;-1.69127661688304;-2.84766632897419;-24.5198532727611;
29.55;-1.66450037292561;-1.69652178845457;-2.85290755687797;-24.5261616586051;
29.6;-1.66015450328573;-1.69227098435116;-2.84865675169265;-24.5229771232864;
29.65;-1.67225191296867;-1.70430179984022;-2.86068884127997;-24.5360914299159;
29.7;-1.66993035808921;-1.70200932932336;-2.85839550329928;-24.5348796734863;
29.75;-1.67593799912941;-1.70795289051774;-2.86433583689471;-24.5419122713089;
29.8;-1.68181889948596;-1.71375776097816;-2.87013642454533;-24.5488157487205;
29.85;-1.65964104927242;-1.6916055875597;-2.84798436431671;-24.5277308519837;
29.9;-1.67338163236812;-1.70529528900305;-2.86167926643036;-24.5424996191821;
29.95;-1.66769147867608;-1.69965066583201;-2.85603980476879;-24.5379237338519;
30;-1.6554573631352;-1.68747235075282;-2.84386370479983;-24.5267906563885;
30.05;-1.67568911643077;-1.7074656225446;-2.86385987834513;-24.5478561269185;
30.1;-1.68747571487309;-1.719973528067;-2.87636888346518;-24.5614691994667;
30.15;-1.70410406675815;-1.73649499942547;-2.89289425133274;-24.5791255378543;
30.2;-1.7160047439968;-1.74834316734911;-2.90474100632825;-24.5921334810205;
30.25;-1.72908672810901;-1.76135056732275;-2.91774811815356;-24.6063200969181;
30.3;-1.74356367601388;-1.77593027885249;-2.93232425699162;-24.6221026869641;
30.35;-1.75250726385073;-1.78482888709217;-2.9412283693316;-24.6322249602326;
30.4;-1.74795012101693;-1.78028314404123;-2.93668343711153;-24.628887761954;
30.45;-1.77037770598979;-1.80269567256537;-2.95909462451255;-24.6525385043057;
30.5;-1.76723039756743;-1.80002813571783;-2.95642449629526;-23.1380048715528;
30.55;-1.78300124168198;-1.69113997596414;-3.05295087154254;-21.6632410330867;
30.6;-1.79678451903487;-1.49668496422299;-3.40659131942501;-20.6971922582241;
30.65;-1.81711612232992;-1.37162178635824;-3.85101241349597;-20.03578472613;
30.7;-1.80456612319492;-1.31844813262637;-4.33524067874797;-19.6107877500175;
30.75;-1.82223036957669;-1.30281832574271;-4.31539737375566;-19.3776510262932;
30.8;-1.8124172612873;-1.27208944699695;-3.5644940999718;-19.2657288417564;
30.85;-1.79954791545545;-1.22461895929363;-2.77094534395875;-19.2393075286455;
30.9;-1.82159628698098;-1.24058453680913;-2.15363490136923;-19.3661767432276;
30.95;-1.79738603539198;-1.20229514617648;-1.59800577792574;-19.508032721162;
31;-1.80158297087672;-1.19663435780604;-1.1779056805233;-19.7431934908601;
31.05;-1.75471077734511;-1.13890864700323;-0.795212105148273;-19.9683398279335;
31.1;-1.74488791563529;-1.11688060229509;-0.525758724942137;-20.2637272238157;
31.15;-1.70457340786312;-1.05369244178767;-0.284234558552761;-20.5331625452908;
31.2;-1.7378973288032;-1.06120946642708;-0.175927276880914;-20.8713493146335;
31.25;-1.80153566977696;-1.1199995992733;-0.173272324116283;-21.2835643962934;
31.3;-1.70750153481349;-1.0235453256439;-0.0608601011990287;-21.553905531343;
31.35;-1.68724520664926;-0.988768620373708;-0.0493278734775717;-21.8838653385712;
31.4;-1.70932158620166;-0.990045148320172;-0.109048239592937;-22.2443575826303;
31.45;-1.74607092050421;-0.980681998219049;-0.189538504042511;-22.5771958825715;
31.5;-1.79069654560126;-1.04240533308953;-0.369374096846464;-22.9865785453253;
31.55;-1.73516524460094;-0.99030904411827;-0.46074523713471;-23.2959607301827;
31.6;-1.69815267153817;-0.948125191488698;-0.582859695226387;-23.6136810063829;
31.65;-1.69908738164312;-0.935483004835455;-0.749823799311371;-23.9485853367616;
31.7;-1.71767168024451;-0.939976051479567;-0.946282928789927;-24.2831988621878;
31.75;-1.74206852500425;-0.952728654267172;-1.16021057811528;-24.6055947937958;
31.8;-1.76966807237448;-0.976999341959261;-1.38465337216299;-24.9281192102498;
31.85;-1.74795592758085;-0.94586459787959;-1.54756536133705;-25.1757482920903;
31.9;-1.78627056235684;-0.978033438747784;-1.77432545625976;-25.4697182774158;
31.95;-1.78546534378858;-0.975402719372717;-1.96631139946687;-25.7161373750619;
32;-1.78082189737753;-0.971237443684521;-2.15473092065518;-25.9499765121079;
32.05;-1.76237641043925;-0.949734673759616;-2.32142642400306;-26.1516035864364;
32.1;-1.76359440248909;-0.945877822114614;-2.50009414400215;-26.3537362982088;
32.15;-1.76756980777662;-0.946544823859149;-2.67566320156978;-26.5457787858476;
32.2;-1.74602195365403;-0.916932764508446;-2.81127690073177;-26.684240348118;
32.25;-1.77026740009125;-0.933871661179744;-2.98219223426119;-26.8461083122048;
32.3;-1.74810526921808;-0.926624911652416;-3.1163926306976;-26.9651844900204;
32.35;-1.75828791574767;-0.911369517966898;-3.23003756573851;-27.0551615674338;
32.4;-1.76856597683238;-0.916932038514481;-3.35067402055446;-27.1451824429627;
32.45;-1.76064807346476;-0.903904071546889;-3.43708054881322;-27.1937976132957;
32.5;-1.76491606769392;-0.90312402652283;-3.51844160236966;-27.2310747634541;
32.55;-1.7577215010545;-0.889656423080561;-3.5677802684912;-27.2302176551563;
32.6;-1.75595918728548;-0.878882958813541;-3.59880369883561;-27.2010329132782;
32.65;-1.76996751673403;-0.880716229684287;-3.62015348371129;-27.1513687871208;
32.7;-1.78475252201717;-0.886244960878485;-3.62192187309254;-27.0706521907998;
32.75;-1.80131664239572;-0.894734447413047;-3.60217995522721;-26.9594544517996;
32.8;-1.81207087483725;-0.900850112806066;-3.55457118341552;-26.814843752617;
32.85;-1.8107951258904;-0.892195382187471;-3.46586411280362;-26.6212000892827;
32.9;-1.83480892507569;-0.907853560576786;-3.37448506465382;-26.4159265391156;
32.95;-1.84138668586385;-0.919985922879712;-3.28326080097791;-26.1744172746658;
33;-1.8537551794822;-0.916802550508573;-3.1915403769502;-25.8820192847597;
33.05;-1.88000834803504;-0.936087252712897;-3.09444407588923;-25.5786888611089;
33.1;-1.88802035924396;-0.938865498993619;-2.9753085395216;-25.2209197734168;
33.15;-1.90514610715351;-0.95496408990782;-2.87266846909819;-24.8390180956193;
33.2;-1.90557355731362;-0.946918653714537;-2.70408281371692;-24.3895746720867;
33.25;-1.92197277549674;-1.09625111672457;-2.76125807012016;-24.418774736439;
33.3;-1.91587155706745;-1.22712730153856;-2.8825697906703;-24.5337122150019;
33.35;-1.93331888458178;-1.33002545266414;-2.98459476837447;-24.6342033597474;
33.4;-1.89372179568939;-1.34628452380899;-3.00076390028496;-24.649432655705;
33.45;-1.91127133605603;-1.40480389350359;-3.05927019748834;-24.7070944247043;
33.5;-1.88952897488215;-1.41409103040929;-3.06855079609378;-24.7158143334331;
33.55;-1.89672605274566;-1.44296444293412;-3.09741958382255;-24.744404482308;
33.6;-1.93709484014477;-1.50556131524337;-3.16001461501516;-24.8069594302983;
33.65;-1.85978280759783;-1.44476645463761;-3.09921872291744;-24.7463170952314;
33.7;-1.89413869603293;-1.51760665743333;-3.17205508380575;-24.8194686534633;
33.75;-1.92188375026486;-1.55307402543489;-3.20752557738308;-24.8554085642971;
33.8;-1.92189229479417;-1.5378442097711;-3.19229570874493;-24.8407504125046;
33.85;-1.81490466620904;-1.43445561049906;-3.08891055627211;-24.7379223738617;
33.9;-1.80117413823912;-1.42649582468351;-3.08095126713005;-24.7305462313124;
33.95;-1.83077419199385;-1.46647421724701;-3.12093251778858;-24.7712035278577;
34;-1.87353776273958;-1.5145480642632;-3.16900455373144;-24.8200679626398;
34.05;-1.8907949706203;-1.52732637515432;-3.18178262272026;-24.8337113011406;
34.1;-1.77131601260106;-1.28678177991779;-2.94123779062161;-24.5937697535966;
34.15;-1.67132963709628;-1.37566965309134;-3.03011733721043;-24.6832929734675;
34.2;-1.76108015243679;-1.28381863148331;-2.9382666121616;-24.5920418419594;
34.25;-1.83177353974266;-1.42281321197082;-3.07726378386873;-24.7318038527819;
34.3;-1.73029985481231;-1.43701251548338;-3.09146556682549;-24.7468699088541;
34.35;-1.81793557349991;-1.46163698935006;-3.11608961570748;-24.7724143519975;
34.4;-1.79852242624359;-1.43847034303671;-3.09292119922507;-24.7501587570048;
34.45;-1.89702369048957;-1.5354822507491;-3.18992710125457;-24.8482246651947;
34.5;-1.88274852262117;-1.57083702445524;-3.22528003255317;-24.8847531693137;
34.55;-1.89455885919409;-1.52123724511747;-3.17567901512053;-24.8362628244787;
34.6;-1.84894546818495;-1.5224596062483;-3.17689978067623;-24.838569756015;
34.65;-1.87883569726738;-1.52442600675432;-3.17886772777708;-24.8416370677329;
34.7;-1.8564222780825;-1.50191329222521;-3.15635722834228;-24.8201888039477;
34.75;-1.8378683695529;-1.48470650065675;-3.13915356838918;-24.8040167416907;
34.8;-1.8533933265725;-1.49900474828749;-3.15345180181439;-24.8193678029373;
34.85;-1.85053188374849;-1.5151364312347;-3.16957982059738;-24.8365850739682;
34.9;-1.86118779313881;-1.50865773381612;-3.16310256582964;-24.8311919102652;
34.95;-1.87225134635867;-1.51787292588193;-3.17232171705078;-24.84150568053;
35;-1.86547236145123;-1.4963060646174;-3.15075570260767;-24.8210021655057;
35.05;-1.87018057912123;-1.5151130171237;-3.16956366952496;-24.8408978027312;
35.1;-1.84853029160773;-1.49674983151511;-3.15120834663807;-24.8236067550895;
35.15;-1.86069356095448;-1.50693995325859;-3.16140122661638;-24.8348734507374;
35.2;-1.85446220290679;-1.5049553851807;-3.15941475424326;-24.8339674128799;
35.25;-1.86452540368635;-1.51192781891222;-3.16638796651275;-24.8420218552896;
35.3;-1.88042228900082;-1.52442822704146;-3.17889266033129;-24.8556342859242;
35.35;-1.88988657505293;-1.54084801132802;-3.19531311748345;-24.8731907700579;
35.4;-1.90823029972054;-1.55585128360313;-3.21031411516282;-24.8893653538642;
35.45;-1.92124527823451;-1.56977751590924;-3.2242444606282;-24.9044902931516;
35.5;-1.93413836055074;-1.58089692011082;-3.23535827089275;-24.9168170707314;
35.55;-1.96254761631728;-1.59452142647866;-3.2489825195893;-24.9316713145479;
35.6;-1.96594407288541;-1.60282462677132;-3.25729068664389;-24.941225064527;
35.65;-1.96934663681312;-1.61771405147964;-3.27217712963059;-24.9573840368645;
35.7;-1.98767568737954;-1.62133201068249;-3.27579494160587;-24.9622749767254;
35.75;-1.98811984134017;-1.61645446190603;-3.27091494572142;-24.9586578665915;
35.8;-2.00542502812644;-1.6737427148394;-3.32820033564743;-25.0172877378643;
35.85;-1.99995095988716;-1.6499028938199;-3.30435945773371;-24.9947686969952;
35.9;-2.01679381239467;-1.66714795184591;-3.32160537890353;-25.0133390619753;
35.95;-2.003302986132;-1.65314064795051;-3.30759809424606;-25.0006305588276;
36;-1.97624689506355;-1.62665053809139;-3.28110888105541;-24.9753744626796;
36.05;-1.96846408936971;-1.66148453275554;-3.31594330848038;-25.0114824301309;
36.1;-2.00176561235839;-1.64555020608474;-3.30000767966614;-24.996803690408;
36.15;-2.01990127766468;-1.67165180744407;-3.32610916465356;-25.0241825899886;
36.2;-1.99109081775263;-1.64297684556943;-3.29743685778001;-24.996743885259;
36.25;-2.01251919789807;-1.666164360286;-3.32062354983869;-25.0211859481179;
36.3;-1.93472973319941;-1.69708730212588;-3.35154243706349;-25.0534151358786;
36.35;-1.91819629100368;-1.64822323623422;-3.30267849095826;-25.0057832025025;
36.4;-1.88240482100368;-1.59466901114099;-3.24912714625537;-24.9533426032242;
36.45;-1.86002725811635;-1.5950150938236;-3.24947638451488;-24.9547699636825;
36.5;-1.97446829875944;-1.66445662630568;-3.31892231068687;-25.0254065245078;
36.55;-2.06755599308968;-1.73466969641439;-3.38913832183101;-25.0969678634347;
36.6;-1.94260513244227;-1.63232849662592;-3.28679958282976;-24.9958275726243;
36.65;-1.98712557333046;-1.63820787243186;-3.29267896458476;-25.0028453543344;
36.7;-1.8791079957092;-1.42719271959058;-3.08166521336207;-24.7926344320281;
36.75;-1.74558944585866;-1.53740662882004;-3.19188597743695;-24.9037282332173;
36.8;-1.68818518038146;-1.56091490454421;-3.21539813340595;-24.928233065245;
36.85;-1.84093462588621;-1.56337419028117;-3.21786032951612;-24.9316969987649;
36.9;-1.8658260281375;-1.58199588331948;-3.23648217575207;-24.9513522542319;
36.95;-1.90504798678151;-1.56001412509204;-3.21449878538437;-24.9303784916533;
37;-1.91824699326625;-1.56767092267283;-3.22215686383929;-24.9390467460984;
37.05;-2.00131318019835;-1.62374782410178;-3.27823304587305;-24.9962306293779;
37.1;-1.95850866942624;-1.61076435446973;-3.26525033405488;-24.9843609852672;
37.15;-1.97681016784127;-1.62439587674036;-3.27888573871941;-24.9991198506089;
37.2;-1.95858411828738;-1.63706887490366;-3.29156024308306;-25.0129443229498;
37.25;-1.9674195789494;-1.61413367953412;-3.26862447798002;-24.9911194965359;
37.3;-1.94862933471456;-1.61607030989099;-3.27055488807466;-24.9941524376648;
37.35;-1.94884681513461;-1.60427145720898;-3.25875834336653;-24.9834403865149;
37.4;-1.95935242338082;-1.61622599975109;-3.27071652824513;-24.9964930201071;
37.45;-1.93742303372337;-1.61251287730747;-3.26700543612739;-24.9938794713122;
37.5;-1.96123935941122;-1.61826336490247;-3.27276021708458;-25.0007310600702;
37.55;-1.95708232308183;-1.62397393967367;-3.27847284674056;-25.0075537352106;
37.6;-1.94744439558093;-1.60487573957055;-3.25937666150174;-24.9895364519564;
37.65;-1.94600499848841;-1.61120875083117;-3.26570945939927;-24.9969461358296;
37.7;-1.94907206427514;-1.60562692437713;-3.26012928452095;-24.9924326622624;
37.75;-1.952254635016;-1.60467712664355;-3.25918000106125;-24.9925495406518;
37.8;-1.94295617545587;-1.60611488182021;-3.26061247391474;-24.9950490591703;
37.85;-1.95007407401677;-1.62144975820149;-3.27594671514543;-25.0114729278372;
37.9;-1.96381748817584;-1.63836667933473;-3.29286293600479;-25.0295141864856;
37.95;-1.97895990540009;-1.65041891531135;-3.30491589270203;-25.0427171682552;
38;-1.9944873998069;-1.6632818264728;-3.3177776448119;-25.0567521037856;
38.05;-2.00481909105333;-1.66015075968849;-3.31464384604903;-25.0547907883671;
38.1;-2.00290663357017;-1.68371422266445;-3.33820765078159;-25.0795575590312;
38.15;-2.02611847498378;-1.69702777460992;-3.35152293780019;-25.0941044105238;
38.2;-2.04247058269423;-1.70073343628826;-3.35523099029915;-25.0990499832959;
38.25;-2.04520468871547;-1.71340241610857;-3.36789742513996;-25.1129714722341;
38.3;-2.05989494574324;-1.71195344684591;-3.36645119002194;-25.112769098794;
38.35;-2.07539378759389;-1.74268421954129;-3.39718087727651;-25.1447819847189;
38.4;-2.09437106656878;-1.74153552209816;-3.3960305100242;-25.1449245907261;
38.45;-2.09485388865431;-1.76207949278399;-3.4165729844822;-25.1667848506601;
38.5;-2.12840065718484;-1.78062236463625;-3.43511246831362;-25.1866667194377;
38.55;-2.10475484854689;-1.74244181058884;-3.39693097389487;-25.1497647934811;
38.6;-2.09181938511018;-1.76287021084451;-3.41735696635945;-25.1714699730264;
38.65;-2.07700833554943;-1.74429946396606;-3.39878599492742;-25.1541509043824;
38.7;-2.07909808048729;-1.71732610095733;-3.37181185280641;-25.128365138967;
38.75;-2.07062175171805;-1.72228114100196;-3.37677099540593;-25.1344979569348;
38.8;-2.09255748683171;-1.76565790645574;-3.42015464731604;-25.179125749192;
38.85;-2.12292232492941;-1.69972118499687;-3.35421786755156;-25.1143443338624;
38.9;-2.09443834901694;-1.75836449901792;-3.41286318689284;-25.1742019325374;
38.95;-2.11980165991443;-1.6662122620696;-3.32071278354218;-25.0831328210677;
39;-2.03276767353747;-1.69164553569946;-3.34614672175363;-25.1096367813414;
39.05;-2.10075282874593;-1.76266295076472;-3.41716164176809;-25.1818575066297;
39.1;-2.04132780078174;-1.68072044548573;-3.3352187218898;-25.1010164936459;
39.15;-1.94629586573799;-1.75267433572274;-3.40717327379124;-25.1741395757858;
39.2;-2.04362063761291;-1.81983935210607;-3.47433617281183;-25.2426264084935;
39.25;-2.10149864990044;-1.69690876825961;-3.35140215643127;-25.1208336065519;
39.3;-2.08880344453976;-1.63994154526203;-3.29443136529804;-25.064833891601;
39.35;-1.95896284865056;-1.64015265047904;-3.29464130275609;-25.0659951626731;
39.4;-1.99358681129931;-1.61925502885779;-3.27373674827553;-25.0460215636433;
39.45;-2.04538933478456;-1.67225005450325;-3.32673132874332;-25.1000201197023;
39.5;-2.0027983039993;-1.64686280991121;-3.30134691603555;-25.0756281379598;
39.55;-1.96797455775612;-1.66406546170786;-3.31855175787992;-25.0938416212193;
39.6;-2.0011162919873;-1.72342811496953;-3.37791160301037;-25.1543160590705;
39.65;-2.06432727659336;-1.74383979603241;-3.39832106070737;-25.1759069525178;
39.7;-2.08508366491073;-1.72567330088211;-3.38015199160887;-25.1588874214142;
39.75;-2.06748193721035;-1.73283548019906;-3.38731730246153;-25.1671999035544;
39.8;-2.07419144661235;-1.737889237324;-3.39237521818691;-25.1734093448952;
39.85;-2.07998625912429;-1.70036454768455;-3.35485516479088;-25.1369809998651;
39.9;-2.05700969082541;-1.69444521684425;-3.34893786150651;-25.1321237259688;
39.95;-2.03421912617885;-1.69309589041312;-3.34759210647092;-25.1318333227573;
40;-2.03221175230412;-1.70590408955641;-3.36040181317173;-25.1457192683054;
40.05;-2.04545270911393;-1.70425290170467;-3.35875167957876;-25.1451468637134;
40.1;-2.05890086916962;-1.71121248380084;-3.36570962906873;-25.1531919572987;
40.15;-2.0514516902091;-1.71850251120493;-3.37299419513779;-25.1615807809407;
40.2;-2.05919556765021;-1.71169824014195;-3.36619528693548;-25.1558690930302;
40.25;-2.0533925105518;-1.71292351843161;-3.36742339542794;-25.1581798735724;
40.3;-2.05439834227701;-1.70603600268942;-3.36053827642947;-25.1523708696884;
40.35;-2.032645747618;-1.7011606499145;-3.35566347455542;-25.1485623161753;
40.4;-2.04175557547773;-1.71795548240381;-3.372461061955;-25.1664484276316;
40.45;-2.05861720340149;-1.72979270613529;-3.38429720813302;-25.1793973759453;
40.5;-2.07013636953623;-1.74224899195315;-3.39675148704032;-25.1929929047296;
40.55;-2.08286216921929;-1.7575560836896;-3.41205814748785;-25.2094603930351;
40.6;-2.09533283723577;-1.77216808994976;-3.42667236177462;-25.225259583517;
40.65;-2.1113884532204;-1.78532312296182;-3.43982855947567;-25.2396317005254;
40.7;-2.12576852617395;-1.79528466750619;-3.44978974750576;-25.2508266875616;
40.75;-2.13547906580866;-1.80839599249263;-3.46290011923747;-25.2651875077761;
40.8;-2.14898836445099;-1.81580711854408;-3.47031492947401;-25.273861150711;
40.85;-2.15520874198392;-1.82959869815178;-3.4841102935449;-25.2889278232308;
40.9;-2.1699034118879;-1.8504349351631;-3.50494807921399;-23.7980864299674;
40.95;-2.17232470990128;-1.71973900153751;-3.58851242806912;-22.3139497108335;
41;-2.18647932721024;-1.52587006571796;-3.96568401162973;-21.362470992078;
41.05;-2.20774264582516;-1.39578784290945;-4.42754669388818;-20.7057737357401;
41.1;-2.19784889072666;-1.3573492079813;-4.41838666540274;-20.3230909360561;
41.15;-2.18863198551871;-1.28015784024103;-3.64458927278684;-20.0564125009274;
41.2;-2.16940488217809;-1.24802316155265;-2.89148736892289;-19.9539225782795;
41.25;-2.19057600386797;-1.26555706145181;-2.29988236025878;-20.0055370712496;
41.3;-2.21261480597792;-1.229044628454;-1.76800876572424;-20.0819812416813;
41.35;-2.19480807064408;-1.24087674648084;-1.38550529829194;-20.2802673945535;
41.4;-2.22033202924564;-1.17103283769987;-1.01011605418041;-20.4418596715971;
41.45;-2.18695307126723;-1.20500453532365;-0.815791733140829;-20.7581125731075;
41.5;-2.19832845189547;-1.10830820509724;-0.557015962580823;-20.975815926336;
41.55;-2.12924143577247;-1.08286241206218;-0.426720889790381;-21.2836889918011;
41.6;-2.20063627475187;-1.05208078064014;-0.341637628529526;-21.6017900953139;
41.65;-2.19257529472978;-0.997608355877806;-0.278090324075228;-21.8816204225852;
41.7;-2.22099685664295;-1.09784808394285;-0.408774645643656;-22.3342860751154;
41.75;-2.20445739509225;-0.976817378063472;-0.35079206305086;-22.5766914881512;
41.8;-2.11130255002029;-0.93114615115068;-0.396706500061328;-22.8742115272322;
41.85;-2.160537502393;-1.0326903576583;-0.615826585972974;-23.355026898158;
41.9;-2.11879678140877;-0.8312198526473;-0.553464773745437;-23.5644794723798;
41.95;-2.09868465419214;-0.691337257137058;-0.570883746533377;-23.7877512875929;
42;-2.06340751145515;-0.863317840580045;-0.916943739033161;-24.282021043151;
42.05;-2.1146438363827;-0.90166195653127;-1.1442348443009;-24.6208405904073;
42.1;-2.09203554459468;-0.937757286694864;-1.38092960458993;-24.9576302919594;
42.15;-2.10374005840446;-0.871364705654875;-1.51634471323722;-25.165977795048;
42.2;-2.20176404395058;-0.983682514845283;-1.82589850002487;-25.5559708859548;
42.25;-2.18525035276431;-0.885265794206345;-1.92617844144208;-25.7225880993034;
42.3;-2.16127579245663;-0.933185809446005;-2.17403983807664;-26.0204800105495;
42.35;-2.17652273867428;-0.932596195420109;-2.37213299526117;-26.2641950604201;
42.4;-2.15559118675936;-0.893008032409019;-2.52880895434606;-26.4499947690908;
42.45;-2.16158779891269;-0.934612730661611;-2.76325132385256;-26.7037933145061;
42.5;-2.14157700569729;-0.914787498815055;-2.93074026108511;-26.8821956005291;
42.55;-2.15564929136052;-0.917047764325456;-3.11287416482116;-27.0662519226559;
42.6;-2.15277225663563;-0.909344692689654;-3.27563723417461;-27.2207720703234;
42.65;-2.16056559793484;-0.914585726216693;-3.4410211069541;-27.3673234939064;
42.7;-2.16902378109109;-0.925327303559411;-3.59998807252302;-27.5029340369016;
42.75;-2.14791385867806;-0.901335650918766;-3.71049145503069;-27.5816082319831;
42.8;-2.16287474511701;-0.913599100326668;-3.84207522110062;-27.6739220689541;
42.85;-2.1474798273868;-0.906288248105986;-3.93772319873351;-27.7278198990069;
42.9;-2.1500793711702;-0.891812159468779;-4.00909839478145;-27.7530596827839;
42.95;-2.14519443181753;-0.88224539779654;-4.06647344269455;-27.75836904855;
43;-2.15906048622137;-0.874045243605934;-4.10470413037273;-27.7343004631993;
43.05;-2.17669470996484;-0.88009408372326;-4.13540998529675;-27.6920424020702;
43.1;-2.18896176222471;-0.886910996162121;-4.14484105581748;-27.618784749909;
43.15;-2.20362324819745;-0.897304688058709;-4.13487380387139;-27.5170266857761;
43.2;-2.21696450495001;-0.904099063658497;-4.09700121036281;-27.3799912781096;
43.25;-2.22784968266232;-0.91472699603602;-4.03749548737504;-27.217818029195;
43.3;-2.2237512783579;-0.902865542963978;-3.92863287111137;-26.9983741352457;
43.35;-2.24671832385611;-0.925578188572792;-3.82623648688305;-26.7810067606595;
43.4;-2.26032708791759;-0.91523100823827;-3.69235349614706;-26.4931730170577;
43.45;-2.26244672264892;-0.924257516354676;-3.62159047860897;-26.183820583975;
43.5;-2.27479318046159;-0.936810327794581;-3.56599548681534;-25.8393771959319;
43.55;-2.29400063006915;-0.929319399343968;-3.44950868109069;-25.4354306762545;
43.6;-2.28430919891146;-0.934334386926734;-3.29505964662141;-25.0007770719254;
43.65;-2.32435677381198;-1.08141577960435;-3.3503732709435;-25.0278555089832;
43.7;-2.32388213499412;-1.2042000286722;-3.46363802996277;-25.1347328935454;
43.75;-2.24521450974117;-1.33614291201606;-3.59471338916939;-25.2641908449466;
43.8;-2.29553630247902;-1.3377259698388;-3.59620707964278;-25.2647260200621;
43.85;-2.32258134952334;-1.42022815991713;-3.67869273755654;-25.3463277190517;
43.9;-2.29746180825012;-1.43575522299394;-3.69421587433213;-25.3612580627181;
43.95;-2.29132307567333;-1.48537525750532;-3.74383077134238;-25.4105731103562;
44;-2.27110809299589;-1.47319520973138;-3.73164382673195;-25.3983461003746;
44.05;-2.31843492756851;-1.49901217586134;-3.75745448601952;-25.4243209001238;
44.1;-2.30083431614519;-1.46223309992024;-3.72066661425069;-25.387837200996;
44.15;-2.30724576515083;-1.52474326313615;-3.78317366739428;-25.4507883833923;
44.2;-2.38167987946542;-1.5226262084535;-3.78105712959309;-25.4492273102602;
44.25;-2.24511849552875;-1.57453417489635;-3.83296738399737;-25.5018132567881;
44.3;-2.30808507686585;-1.54454748655904;-3.80297925709741;-25.4725590968117;
44.35;-2.22069105077372;-1.4351734968935;-3.69360229211823;-25.3638459170078;
44.4;-2.27786688725764;-1.500715360396;-3.7591413207269;-25.4301312876561;
44.45;-2.19899363903487;-1.50324369536319;-3.76167024199754;-25.4334815352124;
44.5;-2.16272924043306;-1.29511762805758;-3.5535491911905;-25.2259574240828;
44.55;-2.17841612467603;-1.20505988212045;-3.4634912573521;-25.1363297595054;
44.6;-2.22659039368087;-1.35539453914774;-3.61382287246097;-25.2872831660971;
44.65;-2.13240478709513;-1.45910845331948;-3.71753803619967;-25.3918514935772;
44.7;-2.21157689525028;-1.48055453577342;-3.7389854549406;-25.4142393318187;
44.75;-2.18803064861047;-1.37293316784513;-3.63136434301486;-25.3074188800714;
44.8;-2.28910806656197;-1.41946707902243;-3.67789459113577;-25.3547848930756;
44.85;-2.27450573614135;-1.52502352934816;-3.78344703060791;-25.4613705030467;
44.9;-2.28595594676321;-1.551357778333;-3.80977779743707;-25.488838778207;
44.95;-2.29640011877482;-1.53026266302988;-3.78868046734039;-25.4688541048326;
45;-2.25691213789971;-1.54186107707729;-3.8002763282812;-25.481575628711;
45.05;-2.27220322903245;-1.5213381424232;-3.77975663950645;-25.4621590449327;
45.1;-2.25904500834453;-1.52418560057182;-3.78260317547462;-25.466103123289;
45.15;-2.24853556646719;-1.48935587123589;-3.74778055633229;-25.4323227483743;
45.2;-2.24732652091941;-1.51262399964276;-3.77104961583306;-25.4566621179556;
45.25;-2.25785900225534;-1.5249632382572;-3.78338767020348;-25.4701084706416;
45.3;-2.26872111648432;-1.50264299402496;-3.76106595677386;-25.4488609965705;
45.35;-2.26108507915826;-1.51452052253017;-3.7729406920507;-25.4618232409719;
45.4;-2.26552978180041;-1.51005439594498;-3.76847727365154;-25.4584447991964;
45.45;-2.25821674589934;-1.51484240986889;-3.77326690873328;-25.4643248505801;
45.5;-2.25680789607719;-1.50934483329824;-3.76776814334111;-25.4599083702169;
45.55;-2.23966924907298;-1.50848191672879;-3.76690402147187;-25.4601219098168;
45.6;-2.26886118126489;-1.50341545571041;-3.76183898390618;-25.4561275178002;
45.65;-2.26900171115903;-1.51314277018833;-3.77156439973788;-25.4669379064981;
45.7;-2.29520668219311;-1.52966699326792;-3.7880881847203;-25.4845743133941;
45.75;-2.30774679030624;-1.52621482852177;-3.78463247461643;-25.4822425418699;
45.8;-2.31920195967238;-1.55336128326024;-3.81177870173537;-25.5105429751986;
45.85;-2.33412743259219;-1.5669490537785;-3.82536677524958;-25.5253184605179;
45.9;-2.34965003885905;-1.57440121390721;-3.832816713948;-25.5339716186244;
45.95;-2.36920768863958;-1.59294853841764;-3.8513601643103;-25.5537445703739;
46;-2.37311745452601;-1.60457811915456;-3.86298993352272;-25.5666252942889;
46.05;-2.39067384646882;-1.61968628835011;-3.87809549580231;-25.5830070599519;
46.1;-2.39037351697632;-1.62442399101011;-3.88282931630657;-25.5890204528117;
46.15;-2.40786887799204;-1.63821165112707;-3.89661645399326;-25.6041015551652;
46.2;-2.40310764246848;-1.65989398132911;-3.91830193607366;-25.6271120110664;
46.25;-2.42051012014714;-1.6551841255993;-3.91359580579437;-25.6237183032033;
46.3;-2.38079715073488;-1.67573334899964;-3.93414654671424;-25.6456024467836;
46.35;-2.39792553965811;-1.66545477358918;-3.92386509008728;-25.6366442344958;
46.4;-2.37541866155833;-1.65852479973639;-3.91693165218074;-25.6310014190078;
46.45;-2.38076009335583;-1.63857390136831;-3.89698161042919;-25.6122950454799;
46.5;-2.42663082468883;-1.61182596131175;-3.8702338422741;-25.5867233888204;
46.55;-2.39950176481189;-1.64086718747827;-3.8992734100932;-25.6169739909349;
46.6;-2.42373539036735;-1.66053106611466;-3.91893182032379;-25.6378867599279;
46.65;-2.44809581444079;-1.66518152626002;-3.92357834442309;-25.643797158785;
46.7;-2.40260514472493;-1.64855581805481;-3.90695477005257;-25.6283983676195;
46.75;-2.34420004660881;-1.66025058707467;-3.91865300545231;-25.6413199453472;
46.8;-2.34327127081275;-1.58885027159589;-3.84725672614021;-25.5710292994278;
46.85;-2.37346208211437;-1.66185371652057;-3.92026063595913;-25.6452162193679;
46.9;-2.42992290016575;-1.58210278761897;-3.84050824512127;-25.5665605925466;
46.95;-2.39527941500945;-1.56628098640591;-3.82468771125325;-25.5517618649383;
47;-2.34055595696701;-1.61222235309369;-3.87062798165098;-25.5987948841547;
47.05;-2.26062518964163;-1.5248246823317;-3.7832308681186;-25.5123699317934;
47.1;-2.28643337304118;-1.52013426025314;-3.77853684855742;-25.5085963643266;
47.15;-2.30040759369757;-1.4243925913288;-3.68279566143236;-25.4136290034736;
47.2;-2.30030018869264;-1.48378470909109;-3.74218642285321;-25.4738469804211;
47.25;-2.31996173865551;-1.52999123258134;-3.78839235735768;-25.5209955039725;
47.3;-2.35135023289439;-1.55638144597959;-3.81477892695872;-25.5483932774084;
47.35;-2.39447125735517;-1.5340330364187;-3.79243172620349;-25.5270306751839;
47.4;-2.38000571987288;-1.5462352431502;-3.80462980160927;-25.5402230019483;
47.45;-2.3900831102967;-1.64370411287329;-3.9020953058013;-25.6388518132246;
47.5;-2.3679419691569;-1.62807446468432;-3.88646331779087;-25.6244056777489;
47.55;-2.35141330678877;-1.63683331851621;-3.89522234099078;-25.6343420824116;
47.6;-2.35494806882263;-1.61683141810573;-3.87521722073027;-25.6154810010605;
47.65;-2.36221912970221;-1.59648568658913;-3.85486691651313;-25.5962289637417;
47.7;-2.3555734177433;-1.60216523366532;-3.86055193475195;-25.6030087542246;
47.75;-2.36786677848118;-1.58565475018954;-3.84404346716381;-25.5875760711955;
47.8;-2.36390850340676;-1.59980870900088;-3.85819345476491;-25.6028119843869;
47.85;-2.36996346454061;-1.59706078888413;-3.85544149651438;-25.601149377869;
47.9;-2.35069989858473;-1.60566140400553;-3.86403738534824;-25.6108436730568;
47.95;-2.36538960287563;-1.61409918751818;-3.87247434127003;-25.6203961128803;
48;-2.36625560281272;-1.6068861804201;-3.86526435895167;-25.6142861322633;
48.05;-2.34993660579972;-1.60921325973355;-3.86759545586109;-25.6177142055833;
48.1;-2.35194127628631;-1.60304865166626;-3.86143023267434;-25.6126386210238;
48.15;-2.36626122170815;-1.59197161100571;-3.85035410318851;-25.6026292298153;
48.2;-2.38234109798302;-1.5896944965431;-3.84807927111259;-25.6014081405305;
48.25;-2.39738563419906;-1.60617541943854;-3.86456089576354;-25.618966382193;
48.3;-2.41019478348729;-1.62412792472015;-3.88251650541117;-25.638040099464;
48.35;-2.42665589173113;-1.63618919108553;-3.89457814244737;-25.651246426137;
48.4;-2.43630222411515;-1.65111216512747;-3.90949708686795;-25.6673348797612;
48.45;-2.45297967437835;-1.66468010124487;-3.92305773350684;-25.6820915377297;
48.5;-2.45815176757689;-1.67614263864516;-3.93451761377673;-25.6947565832096;
48.55;-2.4746026914946;-1.69008401962812;-3.94846031253263;-25.7099326017278;
48.6;-2.47493873769651;-1.69708379999677;-3.95545872939163;-25.718176827411;
48.65;-2.49109656797598;-1.69281714639616;-3.95119123103815;-25.7151434809792;
48.7;-2.48587120097577;-1.71193054597533;-3.97030180342557;-25.7355108747513;
48.75;-2.4846624522043;-1.72528858810959;-3.98365689722029;-25.7501482442818;
48.8;-2.48874946302481;-1.74512707642047;-4.00349201831081;-25.7712945311;
48.85;-2.53662887947145;-1.73580332767144;-3.99416975650982;-25.7632663234478;
48.9;-2.48460144362494;-1.7529912340653;-4.01135584699036;-25.7817595389706;
48.95;-2.52171022823659;-1.77072565557322;-4.02909029318243;-25.8008256405448;
49;-2.50502932188929;-1.66673432692007;-3.92510009517367;-25.6979906856847;
49.05;-2.52902435320218;-1.73198476320819;-3.99034978744803;-25.7644442608996;
49.1;-2.49795760040713;-1.77436745453097;-4.03273368416474;-25.8081365449963;
49.15;-2.42250039248352;-1.75213142421164;-4.01049764197462;-25.7871825366656;
49.2;-2.42218870094998;-1.73248742518829;-3.99085283224136;-25.7687579321041;
49.25;-2.5091940850279;-1.7427107363567;-4.00107347274681;-25.7802004442257;
49.3;-2.44421687773033;-1.77462723265299;-4.03299087048944;-25.813391714927;
49.35;-2.46040533804701;-1.73863455545241;-3.99699845501391;-25.7786237595613;
49.4;-2.50333582795856;-1.76665704971688;-4.02502278735365;-25.8078853694906;
49.45;-2.41055474934174;-1.82378302564414;-4.08215065045595;-25.866351971056;
49.5;-2.48676002162839;-1.7967178160337;-4.0550885844847;-25.8406048505738;
49.55;-2.46353275278302;-1.713694574882;-3.97206419055062;-25.7587300030867;
49.6;-2.38599497115132;-1.66047616551708;-3.91884144569228;-25.7065237274336;
49.65;-2.40412271700483;-1.73768048126676;-3.99604204535169;-25.7848466741772;
49.7;-2.40475589682411;-1.67839129940294;-3.93674998021413;-25.7266219964568;
49.75;-2.40657694095245;-1.64866505527212;-3.90702621223506;-25.697880931057;
49.8;-2.42281634303472;-1.61731416603393;-3.87567036201933;-25.66744373266;
49.85;-2.45319373046428;-1.66370488530937;-3.92206007744962;-25.714816556447;
49.9;-2.43338781134493;-1.68247717856295;-3.94083170868897;-25.7346313195391;
49.95;-2.47233282438935;-1.71710281706718;-3.97545485169488;-25.7703632132927;
50;-2.49427810908729;-1.69254293766352;-3.95089382654749;-25.7468787614731;
50.05;-2.47297302880236;-1.731377340985;-3.98972811161818;-25.7868410387237;
50.1;-2.48320698642756;-1.71429668271846;-3.97265089644636;-25.7708833652223;
50.15;-2.46305651021371;-1.72617512132672;-3.98453258246878;-25.7838868822449;
50.2;-2.46426580717225;-1.70868298478693;-3.96704081056666;-25.7674952738053;
50.25;-2.43849822816365;-1.71136868211352;-3.96972944789638;-25.7712749829929;
50.3;-2.46324268826429;-1.71386678831759;-3.97223306039162;-25.7748736725294;
50.35;-2.47462574714206;-1.70678701281625;-3.96515416207794;-25.7688792538774;
50.4;-2.45040918621879;-1.71756274681849;-3.97592790014263;-25.780749461252;
50.45;-2.46122038886916;-1.69865231934714;-3.95701323035259;-25.7629111476812;
50.5;-2.47015942444323;-1.7016270087825;-3.95998709523948;-25.7669500419639;
50.55;-2.46135078553003;-1.71362277440961;-3.9719846620657;-25.7800352796033;
50.6;-2.45613684009353;-1.72071821869986;-3.97908215934247;-25.7882368522772;
50.65;-2.45488346601461;-1.71137027711269;-3.96973573573991;-25.7799781538011;
50.7;-2.46146466806715;-1.70318677000865;-3.9615524592504;-25.772858953562;
50.75;-2.47342324651118;-1.70184872394633;-3.96021770181206;-25.772581645344;
50.8;-2.48938026877319;-1.71245372639783;-3.9708239625115;-25.7842632000752;
50.85;-2.48663548155893;-1.72745060203273;-3.98582418580066;-25.8003653029003;
50.9;-2.51329616468307;-1.74431552021797;-4.00268855292014;-25.8183672194948;
50.95;-2.5280544193576;-1.75526072713126;-4.01363532812775;-25.8304734741062;
51;-2.53500836140943;-1.76681609195296;-4.02518742086828;-25.8432072914565;
51.05;-2.5490744110532;-1.76292064067861;-4.02128604474827;-25.840484624749;
51.1;-2.55184798345478;-1.78583194872533;-4.04419470411292;-25.8645993967655;
51.15;-2.57664516044558;-1.79811736748144;-4.05648016272642;-25.8781167378599;
51.2;-2.58441648933775;-1.80118787054517;-4.05955119331394;-25.8824246718956;
51.25;-2.60000964918297;-1.82561941897426;-4.08398064971304;-25.9081180175006;
51.3;-2.59823731783885;-1.83459804785661;-4.09296534280776;-24.2724050494724;
51.35;-2.61350766279441;-1.7199983399763;-4.1580695590397;-22.6427858413344;
51.4;-2.63439200559147;-1.53162897239107;-4.45209188701994;-21.574902153767;
51.45;-2.59518137907479;-1.39875080358649;-4.82623478372651;-20.8207155917189;
51.5;-2.61755016813748;-1.36001324349191;-4.74487572929572;-20.3619098389901;
51.55;-2.59822967307054;-1.28587417204449;-3.91265756121158;-20.0348081809098;
51.6;-2.56961933590641;-1.28044694102787;-3.13175195156963;-19.9197840073708;
51.65;-2.58194828830365;-1.23802043710208;-2.4309538910141;-19.8796842439461;
51.7;-2.62144919521984;-1.22108946833091;-1.87389632587401;-19.9465749894256;
51.75;-2.6039758026685;-1.23468428527914;-1.4536738431705;-20.1163082122186;
51.8;-2.6119805881595;-1.20199212483541;-1.08158290543184;-20.2914508608067;
51.85;-2.67352189920585;-1.21141774795034;-0.83429330584667;-20.5471392704012;
51.9;-2.56348368999304;-1.21267042035656;-0.650681637359119;-20.8319921029084;
51.95;-2.62196224275216;-1.1839697521525;-0.498724973743113;-21.1297144206133;
52;-2.53442596975174;-1.07220671407809;-0.317838146958706;-21.3496965678875;
52.05;-2.59676041415156;-1.1473235716728;-0.371514207334059;-21.7718407133838;
52.1;-2.66858151563417;-1.07816313350328;-0.32062108498119;-22.068536489618;
52.15;-2.547990159511;-0.996325460721036;-0.29146734356479;-22.3340898824999;
52.2;-2.49987887169052;-1.10735881089691;-0.485450085426004;-22.8288202164803;
52.25;-2.4491920246933;-0.868830580877093;-0.357288014626496;-22.9655797347298;
52.3;-2.51981205993533;-0.972798740581541;-0.596617857120815;-23.4473440851036;
52.35;-2.53593515662141;-0.883237695943703;-0.661679603866248;-23.7336223878293;
52.4;-2.50812038768416;-0.842801888499644;-0.790673114346158;-24.0394600031309;
52.45;-2.52511112437678;-0.89767744845825;-1.02782314618592;-24.4159221354439;
52.5;-2.58450832529906;-0.915108980619779;-1.23151817426691;-24.7446572038092;
52.55;-2.60443232422048;-0.87963806878007;-1.38044094925993;-24.9889307833685;
52.6;-2.58518287177965;-0.957256544158219;-1.64611524407573;-25.3218231755009;
52.65;-2.59186094505938;-0.982156815522957;-1.86188512971636;-25.5949009422083;
52.7;-2.57118514274626;-0.946960062662522;-2.01764305119636;-25.7941900269596;
52.75;-2.57096148209286;-0.97452852378747;-2.23455865947633;-26.0576841916663;
52.8;-2.55609538886303;-0.903307723206208;-2.34931669407556;-26.210113900996;
52.85;-2.55333854801317;-0.917757740043978;-2.54503645102622;-26.4294973263067;
52.9;-2.56611291070295;-0.923265613769003;-2.72531863970476;-26.6228267337819;
52.95;-2.57718706850188;-0.912008919261943;-2.88034250459492;-26.7785603653886;
53;-2.57029321489507;-0.918454874583004;-3.04290954163608;-26.9286139998105;
53.05;-2.57667437863161;-0.925650394886111;-3.19415753067527;-27.0594684995339;
53.1;-2.56881062896346;-0.915912300360204;-3.31465668439521;-27.1524558822546;
53.15;-2.57006236305396;-0.907748555058191;-3.42110597946796;-27.2240409800238;
53.2;-2.562411852237;-0.903727388570228;-3.51521189871207;-27.2762770260238;
53.25;-2.55994532480971;-0.903198202584337;-3.59483762224105;-27.3112755393809;
53.3;-2.57505960128158;-0.875032512351682;-3.62718328370147;-27.2924696505496;
53.35;-2.58631345445556;-0.875211349979838;-3.66772516681006;-27.2738344462009;
53.4;-2.60130478272226;-0.871946678627021;-3.68447053272036;-27.2216452238575;
53.45;-2.6156035691276;-0.88028832233471;-3.69147611687647;-27.1459046054344;
53.5;-2.62977744021083;-0.903080600865032;-3.68991391500389;-27.0541538933673;
53.55;-2.64228606552688;-0.898724809078158;-3.63672760770314;-26.9027728824646;
53.6;-2.65198940888289;-0.908104857063768;-3.57134615914451;-26.7322448693243;
53.65;-2.6643042107471;-0.913311081922649;-3.47456229109784;-26.5221631376565;
53.7;-2.68400653700355;-0.924929893593217;-3.38736138574865;-26.2839498394568;
53.75;-2.68497753426811;-0.927246105267906;-3.3041766910513;-25.9987308564679;
53.8;-2.70346492630621;-0.939280190149075;-3.20001446078564;-25.6868419813088;
53.85;-2.69943269852543;-0.936522807915168;-3.07278560637093;-25.319650190028;
53.9;-2.71712163611965;-0.948043588411396;-2.96132068841239;-24.9278764695003;
53.95;-2.70615104160174;-0.939028642747447;-2.78676886066731;-24.4716205996472;
54;-2.69611598717998;-1.08502751376548;-2.83801922006957;-24.4944513194797;
54.05;-2.67494626831886;-1.21051599018623;-2.95367703954752;-24.6036245451179;
54.1;-2.6992641199808;-1.28945647227379;-3.03171584758514;-24.6801778858383;
54.15;-2.72509370028933;-1.28950799795639;-3.03167272018916;-24.6792829232777;
54.2;-2.70270214327638;-1.40735950567081;-3.14950384294698;-24.7962422202554;
54.25;-2.72601232202608;-1.43235210257106;-3.17448887051847;-24.8206245190928;
54.3;-2.66540355843201;-1.48094428878614;-3.22308327689455;-24.8689118410303;
54.35;-2.71220480547076;-1.47394755716534;-3.21608255875064;-24.8618713339005;
54.4;-2.67814452661005;-1.51613194235366;-3.25826423464809;-24.9042177790377;
54.45;-2.66342471804498;-1.52407579657484;-3.26621018319354;-24.9124911305517;
54.5;-2.71782483299207;-1.53340766105945;-3.27554175464398;-24.9222809941208;
54.55;-2.61171563447064;-1.45728644357842;-3.19941672910792;-24.8466653080472;
54.6;-2.68109566781344;-1.50132680212831;-3.24344946926567;-24.8913025531697;
54.65;-2.64508740207261;-1.5174132676034;-3.25953512192203;-24.9080857728664;
54.7;-2.58356676223851;-1.60026628274542;-3.34239164107813;-24.9917886864395;
54.75;-2.5237065767628;-1.54893649887897;-3.29106335704962;-24.9413286144284;
54.8;-2.48187899623145;-1.49225689875916;-3.2343815062224;-24.8854622528765;
54.85;-2.57900449252643;-1.3965914715494;-3.13871443848183;-24.7905038460258;
54.9;-2.63455816146906;-1.43022574080546;-3.17234650803527;-24.8248806507121;
54.95;-2.61039015110134;-1.43719225824074;-3.17931032911675;-24.8326474685513;
55;-2.62115438324666;-1.44883428040782;-3.19095224969692;-24.84512998739;
55.05;-2.67368202604352;-1.46906086684979;-3.21118108379688;-24.866255060247;
55.1;-2.65905543425926;-1.49926770214074;-3.24139010893509;-24.8974327608489;
55.15;-2.6774694576033;-1.52810136497416;-3.27022093303578;-24.9272984400301;
55.2;-2.66042946855782;-1.53619403928876;-3.27831374146481;-24.9364593190846;
55.25;-2.67017029457999;-1.50678670360653;-3.24890585948765;-24.9080858966358;
55.3;-2.67806047683673;-1.52108080367466;-3.26320140070582;-24.9234339053658;
55.35;-2.65514084302032;-1.53341217409583;-3.27553390454365;-24.93685127305;
55.4;-2.66415735423177;-1.51194743363967;-3.25407152382432;-24.9164482666757;
55.45;-2.65909643460636;-1.5136050201489;-3.25572937018945;-24.9191608051814;
55.5;-2.66841221788661;-1.50563233928757;-3.24775692608524;-24.91223629209;
55.55;-2.67758811565862;-1.5176863029967;-3.25980672743957;-24.9253559002527;
55.6;-2.65515827924794;-1.51486473165857;-3.25697985061064;-24.9236050689312;
55.65;-2.66466167672275;-1.52029976045614;-3.26240590675491;-24.9301145347461;
55.7;-2.658767338928;-1.52579553279239;-3.26790314766435;-24.9367052918779;
55.75;-2.66138813745666;-1.51851022321084;-3.26061674283864;-24.93050451802;
55.8;-2.65434226683083;-1.51064915785101;-3.25276342309182;-24.923714777876;
55.85;-2.65939606051727;-1.50661199517171;-3.24872382204165;-24.9207324736065;
55.9;-2.67550592139158;-1.50542953469699;-3.24754331078524;-24.9206066490392;
55.95;-2.69001880613271;-1.52586002943059;-3.26797523680785;-24.9421246457742;
56;-2.70745890124183;-1.52851285137994;-3.27063111593178;-24.9458799718693;
56.05;-2.71760411196222;-1.54400423351529;-3.28611808310399;-24.9624966003367;
56.1;-2.72773950361982;-1.55616211599523;-3.29827429982022;-24.975807174878;
56.15;-2.72439988383068;-1.56913038810543;-3.31124241087387;-24.9899548973076;
56.2;-2.74669551966329;-1.56456577536309;-3.30667684354911;-24.986560586195;
56.25;-2.75958576100704;-1.58960509955952;-3.33171881789813;-25.0128055178047;
56.3;-2.77781414247118;-1.60320763672999;-3.34532061735033;-25.0276411144837;
56.35;-2.78952218621824;-1.60674507381717;-3.34886032599903;-25.0324161768347;
56.4;-2.7958304250105;-1.61953337598061;-3.36164798475919;-25.0464562807829;
56.45;-2.80990748633662;-1.61797053620833;-3.36008386789815;-25.0461426408305;
56.5;-2.8273545265363;-1.62995031345146;-3.37206432389526;-25.0593806318547;
56.55;-2.81919873823502;-1.66877019286746;-3.41088681789613;-25.0995247683014;
56.6;-2.83661394811317;-1.66930981443763;-3.41142666439465;-25.1013974446714;
56.65;-2.79663854417552;-1.66817013370847;-3.41028822014666;-25.1015738029624;
56.7;-2.81522280407655;-1.63204277481023;-3.37416162004721;-25.0666894298759;
56.75;-2.7927751355698;-1.6695547994435;-3.41167638894347;-25.1054798009315;
56.8;-2.79955648427075;-1.65097325326381;-3.39309983270215;-25.088161452787;
56.85;-2.83339794378919;-1.62328461150447;-3.36540719967057;-25.0616669139214;
56.9;-2.79217744836375;-1.62842908228624;-3.37054392763127;-25.0679874975869;
56.95;-2.81500992171715;-1.67195122686749;-3.4140602732032;-25.1127584934336;
57;-2.86947326139753;-1.60009668695477;-3.34220627695338;-25.0420530334999;
57.05;-2.82722925970133;-1.66438221717387;-3.40648906589886;-25.1075455733836;
57.1;-2.711935514532;-1.71454733997411;-3.45665548312274;-25.1590357702939;
57.15;-2.69649399113344;-1.62744187073688;-3.36955378773661;-25.0731235165002;
57.2;-2.73917652569705;-1.62483583632984;-3.36695037715699;-25.0716505558839;
57.25;-2.78179898298446;-1.58382323431979;-3.32594133938007;-25.031704255243;
57.3;-2.78854588487774;-1.65324100124753;-3.39535787952525;-25.1022795761111;
57.35;-2.5536861098595;-1.72159837341715;-3.46371766726648;-25.1719434169225;
57.4;-2.66416912563457;-1.58224886626914;-3.32436695240253;-25.0336938583632;
57.45;-2.56822357399118;-1.53308123151166;-3.27520252451729;-24.9854636912761;
57.5;-2.72378551134942;-1.55391736754815;-3.29603722898923;-25.0072555610675;
57.55;-2.6777602461339;-1.60325543350675;-3.34537342301435;-25.0576492215263;
57.6;-2.71570759199072;-1.56190655399633;-3.30402235595651;-25.0173107193651;
57.65;-2.77767053149173;-1.54175204864298;-3.28386549431124;-24.9981144949003;
57.7;-2.80066296729914;-1.558030297049;-3.30014267926511;-25.0153721528155;
57.75;-2.78342938874276;-1.61992614214839;-3.36203341819543;-25.0783572027584;
57.8;-2.79285886091507;-1.63844057249711;-3.38055210575755;-25.0980218291373;
57.85;-2.77180075459726;-1.65155472052656;-3.3936674785208;-25.1123093230955;
57.9;-2.77680616216953;-1.62924681024325;-3.37135789793594;-25.0911374296213;
57.95;-2.75162315679294;-1.63165709299905;-3.37377436003584;-25.0946740161549;
58;-2.74284845603088;-1.60996150044819;-3.35207974498191;-25.0740691306232;
58.05;-2.75757333887408;-1.59500971171238;-3.33712909772849;-25.0601714308044;
58.1;-2.75590085022267;-1.6136968378103;-3.35581357280872;-25.0799343606459;
58.15;-2.764402095202;-1.6071852542419;-3.34930052526291;-25.0744982259127;
58.2;-2.77391149225127;-1.61813871341159;-3.3602539396959;-25.086536807789;
58.25;-2.76697228894786;-1.61268676265789;-3.35479827093243;-25.0821634716634;
58.3;-2.77025236718899;-1.61826095113393;-3.36036817804198;-25.0888194024963;
58.35;-2.76369490341898;-1.61375531138459;-3.35586607847633;-25.0853995044684;
58.4;-2.76046026330964;-1.61279492100686;-3.35490388903251;-25.0855123870254;
58.45;-2.74684934572519;-1.61168214016357;-3.35378703418789;-25.0854676936117;
58.5;-2.77430767430252;-1.59965863804596;-3.34176159441668;-25.0744960605656;
58.55;-2.7896341267987;-1.62592191769364;-3.36802268465954;-25.1018435420431;
58.6;-2.79982747009848;-1.63997873842359;-3.38208060369269;-25.1170221877413;
58.65;-2.81727610482428;-1.65086779056866;-3.39296831757724;-25.1290559311763;
58.7;-2.83061745686704;-1.66565987203261;-3.40776434273607;-25.1450183075271;
58.75;-2.84237604963203;-1.68038782755761;-3.422488784371;-25.1609417473165;
58.8;-2.85458419757915;-1.69578772600833;-3.43788826286657;-25.1775696269037;
58.85;-2.87440203890111;-1.70484654880677;-3.446943930064;-25.1878704549049;
58.9;-2.87729780143347;-1.71927325669829;-3.46137078873467;-25.203557308734;
58.95;-2.89620821666182;-1.72422109806807;-3.46631641688245;-25.2097679309745;
59;-2.89534207659526;-1.73969385388741;-3.48178743036452;-25.2265282828402;
59.05;-2.91312328021535;-1.74020198488863;-3.48229438939907;-25.2283189857869;
59.1;-2.90628800510339;-1.75588294040518;-3.49797392853361;-25.2452992761604;
59.15;-2.92363307762687;-1.75015176967424;-3.49224115907589;-25.2408585520972;
59.2;-2.88080321465962;-1.74616755225149;-3.48826059709375;-25.2381460080748;
59.25;-2.88101741655908;-1.75906350206885;-3.50115012544098;-25.2523144110857;
59.3;-2.91974711062841;-1.73814006691187;-3.48022715002533;-25.2326386915441;
59.35;-2.90500035540851;-1.7594959324993;-3.50158531935677;-25.2552513107118;
59.4;-2.92699449862848;-1.75680991066514;-3.49890061842854;-25.253820072406;
59.45;-2.89674671700952;-1.76388315728418;-3.50597636324734;-25.2621478989815;
59.5;-2.9048488770748;-1.79284848446164;-3.53494317206502;-25.2924106959389;
59.55;-2.84054038419373;-1.75833082728065;-3.5004290182931;-25.2591373454189;
59.6;-2.82817460666361;-1.79245669711029;-3.5345599999058;-25.2945338103667;
59.65;-2.78590669149653;-1.74631792412239;-3.48842105813156;-25.2495980681324;
59.7;-2.80649806425949;-1.77669029592393;-3.5187905562534;-25.2811902794394;
59.75;-2.9100689275482;-1.76266481266566;-3.50476192932821;-25.2683756069275;
59.8;-2.79936522068672;-1.75671743478204;-3.49881468116757;-25.2636156307434;
59.85;-2.77798634967599;-1.8335151492951;-3.57561273920379;-25.3417163104518;
59.9;-2.82069165921137;-1.75617367248554;-3.49827113941103;-25.2655827352334;
59.95;-2.73375297115287;-1.63945940367877;-3.38155708085119;-25.1498364781051;
