time;no calibration;calibration with FGL;calibration without FGL;simple feedback calibration
0;-4.96820706795192e-07;4.38734409669798e-06;4.38734409669798e-06;
0.05;-2.30806303835607e-06;2.95413969568774e-06;2.95413969568774e-06;
0.1;-6.61413877227743e-06;-5.53550403204523e-07;-5.53550403204523e-07;
0.15;-1.08310609631447e-05;-5.37531608251313e-06;-5.37531608251313e-06;
0.2;-1.56396692729582e-05;-1.01708051894876e-05;-1.01708051894876e-05;
0.25;-1.87532866112621e-05;-1.31471514161836e-05;-1.31471514161836e-05;
0.3;-2.32971096727337e-05;-1.74875735784435e-05;-1.74875735784435e-05;
0.35;-2.52308632048479e-05;-2.00570452865138e-05;-2.00570452865138e-05;
0.4;-2.8436975449732e-05;-2.35917130028809e-05;-2.35917130028809e-05;
0.45;-3.14822859743638e-05;-2.66232956937299e-05;-2.66232956937299e-05;
0.5;-3.06015492139668e-05;-2.60411336312774e-05;-2.60411336312774e-05;
0.55;-3.61896649637753e-05;-3.1990953407681e-05;-3.1990953407681e-05;
0.6;-3.78180361387046e-05;-3.35642922337346e-05;-3.35642922337346e-05;
0.65;-3.68698919237216e-05;-3.23934431372895e-05;-3.23934431372895e-05;
0.7;-3.96376349324134e-05;-3.5100476735999e-05;-3.5100476735999e-05;
0.75;-4.02402617014639e-05;-3.6961658203391e-05;-3.6961658203391e-05;
0.8;-3.12898048608178e-05;-2.83442641127668e-05;-2.83442641127668e-05;
0.85;-1.71642312141945e-05;-1.25615873815549e-05;-1.25615873815549e-05;
0.9;-1.71642312141945e-05;-1.25615873815549e-05;-1.25615873815549e-05;
0.95;-1.71642312141945e-05;-1.25615873815549e-05;-1.25615873815549e-05;
1;-1.71642312141945e-05;-1.25615873815549e-05;-1.25615873815549e-05;
1.05;-1.71642312141945e-05;-1.25615873815549e-05;-1.25615873815549e-05;
1.1;-1.71642312141945e-05;-1.25615873815549e-05;-1.25615873815549e-05;
1.15;-1.71642312141945e-05;-1.25615873815549e-05;-1.25615873815549e-05;
1.2;-1.71642312141945e-05;-1.25615873815549e-05;-1.25615873815549e-05;
1.25;-1.71642312141945e-05;-1.25615873815549e-05;-1.25615873815549e-05;
1.3;-1.71642312141945e-05;-1.25615873815549e-05;-1.25615873815549e-05;
1.35;-1.71642312141945e-05;-1.25615873815549e-05;-1.25615873815549e-05;
1.4;-1.71642312141945e-05;-1.25615873815549e-05;-1.25615873815549e-05;
1.45;-1.71642312141945e-05;-1.25615873815549e-05;-1.25615873815549e-05;
1.5;-1.71642312141945e-05;-1.25615873815549e-05;-1.25615873815549e-05;
1.55;-1.71642312141945e-05;-1.25615873815549e-05;-1.25615873815549e-05;
1.6;-0.00622280642416597;-0.00621749445099271;-0.00621749445099271;
1.65;-0.0108557804613988;-0.0108503206861702;-0.0108503206861702;
1.7;0.00983316032344178;0.00983865881909932;0.00983865881909932;
1.75;0.0026538912260076;0.00265993550535738;0.00265993550535738;
1.8;0.00247998493626674;0.00248626873189225;0.00248626873189225;
1.85;-0.00222700875021661;-0.00221842103421249;-0.00221842103421249;
1.9;-6.95550014415209e-05;-6.03192341899516e-05;-6.03192341899516e-05;
1.95;4.37411906026587e-05;5.41809204942394e-05;5.41809204942394e-05;
2;0.000142850788455652;0.000155684155456071;0.000155684155456071;
2.05;0.000229913010347106;0.000242829224028756;0.000242829224028756;
2.1;0.00251776676110339;0.00253089660908078;0.00253089660908078;
2.15;0.0246349258290378;0.024646680825106;0.024646680825106;
2.2;0.0220192792741939;0.0220309103079143;0.0220309103079143;
2.25;0.0297275603163464;0.0297413095737349;0.0297413095737349;
2.3;0.0350144024478249;0.0350304996996832;0.0350304996996832;
2.35;0.104055308824961;0.104071377162779;0.104071377162779;
2.4;0.0855620331301365;0.0855756104976278;0.0855756104976278;
2.45;0.0820237087904064;0.0820384153241711;0.0820384153241711;
2.5;0.0648662845650929;0.0648817662414571;0.0648817662414571;
2.55;0.0985895599645767;0.0986037167010945;0.0986037167010945;
2.6;0.068892605270946;0.0689065795165489;0.0689065795165489;
2.65;0.106725384234359;0.106741263702544;0.106741263702544;
2.7;0.0991245341812228;0.0991409752691586;0.0991409752691586;
2.75;0.116619353773894;0.116636284057449;0.116636284057449;
2.8;0.0971615436703684;0.0971811754092876;0.0971811754092876;
2.85;0.0676816417838872;0.0677019651467369;0.0677019651467369;
2.9;0.0123753175864265;0.0123960052865986;0.0123960052865986;
2.95;0.0457791836341576;0.0457987016342531;0.0457987016342531;
3;0.19492597005859;0.194946059583701;0.194946059583701;
3.05;0.104644738269727;0.104665814963085;0.104665814963085;
3.1;0.0657343109992397;0.0657540579044155;0.0657540579044155;
3.15;0.0845189444345659;0.0845380298703701;0.0845380298703701;
3.2;0.333583875146032;0.333808447414707;0.333808447414707;
3.25;0.821032304789002;0.826541431618711;0.826541431618711;
3.3;0.682428684961397;0.694048520939829;0.694048520939829;
3.35;0.416350395390828;0.444667279391505;0.444667279391505;
3.4;0.081987919644297;0.223104061022626;0.146542142851796;
3.45;-0.203046443871821;0.240162991383591;-0.1090102550042;
3.5;-0.632960697648116;-0.0308721576077674;-0.553768772347431;
3.55;-0.875643656951655;-0.292675800939187;-0.849728770356034;
3.6;-0.766801314724282;-0.224658123333242;-0.797666936780102;
3.65;-0.436685679179178;0.148856021897021;-0.505103861520327;
3.7;-0.0744789054512911;0.669775493067713;-0.147561259969879;
3.75;-0.00165179798548464;0.937367663902917;-0.063462062522831;
3.8;-0.17329181905405;0.904716316303584;-0.229368984137489;
3.85;-0.525346952446246;0.566795338000842;-0.6031314220076;
3.9;-0.800139677530986;0.184790053079384;-0.931230046499324;
3.95;-1.09881806022743;-0.325225553849431;-1.31430607126249;
4;-1.16892789334563;-0.646151062706627;-1.48767517623194;
4.05;-1.3906057953242;-1.16191839381473;-1.83482855367289;
4.1;-0.509602601512478;-0.332823132356795;-1.01505392418374;
4.15;-0.409791034265605;-0.154494291199169;-0.94127268284879;
4.2;-0.0940948661747556;0.314988952827375;-0.62660576698226;
4.25;-0.0968411240352678;0.487507178486479;-0.616459411814333;
4.3;-0.0197895980942029;0.739236525997168;-0.516973688995045;
4.35;-0.0356783633497289;0.875905112282906;-0.509080093043534;
4.4;-0.052510231304845;0.97754764384944;-0.504172658739517;
4.45;-0.013978056979819;1.12150589736659;-0.439600273199794;
4.5;-0.0125737428231974;1.18924782769867;-0.421598924135335;
4.55;-0.0403501906810797;1.18127027659336;-0.444260563085272;
4.6;-0.00936025518904468;1.22383552266996;-0.40882285959981;
4.65;-0.0180293463893419;1.22312656813899;-0.413835895872688;
4.7;-0.0553863251200869;1.18959157976857;-0.449279986201762;
4.75;-0.0629393675129806;1.18436730841993;-0.455618265097755;
4.8;-0.0810658223448375;1.16758369734848;-0.473022611104002;
4.85;-0.0771084212441729;1.17264105602984;-0.468465212284095;
4.9;-0.101466420446825;1.14875544350756;-0.492558744364863;
4.95;-0.0958727598971646;1.15473515632136;-0.486749447137405;
5;-0.261116213892373;0.987706232410741;-0.65301224359727;
5.05;-0.282366926026816;0.964284637545885;-0.675514283313563;
5.1;-0.127831187570429;1.11843573955492;-0.521208293589126;
5.15;-0.0598318689369685;1.18692878748615;-0.45292653406148;
5.2;-0.108808545425295;1.13811924039696;-0.501808657320191;
5.25;-0.128607654261731;1.1182609938199;-0.52164377402419;
5.3;-0.436062943023089;0.809426174960807;-0.8299236737871;
5.35;-0.620614812403329;0.622724834782371;-1.01576141138871;
5.4;-0.861547997796218;0.37907949907923;-1.25831210888694;
5.45;-0.67869494643932;0.560031465599935;-1.07659412428707;
5.5;-1.41610787818948;-0.180609788118886;-1.81594670560625;
5.55;-2.34079262482122;-1.11048258298942;-2.74375694002482;
5.6;-1.92326554896286;-0.696563263231896;-2.32840394873359;
5.65;-2.18313020828982;-0.959210836242452;-2.58994414083051;
5.7;-2.35683925046787;-1.1353074579458;-2.76509247024289;
5.75;-2.44526424681221;-1.22559963908203;-2.85464400208819;
5.8;-2.53409600186152;-1.31586220151424;-2.94433988121008;
5.85;-2.17039902883454;-0.953003292237846;-2.58115376916926;
5.9;-1.61855293763314;-0.401496973882167;-2.02951278845272;
5.95;-1.09262075023739;0.124375061720536;-1.50361774019429;
6;-0.930654983257675;0.28635723187959;-1.34164184993644;
6.05;-0.948144861338462;0.268875045355257;-1.35912566833895;
6.1;-0.845649092603218;0.371386301979278;-1.25662035851461;
6.15;-0.868398659229979;0.348648542695019;-1.27936331621606;
6.2;-0.872759181282396;0.344298835026975;-1.28371909057573;
6.25;-0.883950943757331;0.33311698579296;-1.29490550481693;
6.3;-0.866978162377348;0.350100049415354;-1.27793070407662;
6.35;-0.897085135585566;0.319997916102741;-1.30803583854735;
6.4;-0.945374363795275;0.27171308437046;-1.3563214892117;
6.45;-1.31652898643304;-0.0994621801742537;-1.72748697821662;
6.5;-1.33074627154707;-0.113695334995177;-1.741713114858;
6.55;-1.65870549816401;-0.441678032319923;-2.069685332446;
6.6;-1.11441684175414;0.102598832693985;-1.52540453835;
6.65;-0.923913834430806;0.293101432749888;-1.33490280195805;
6.7;-0.872307400588454;0.344708965483957;-1.28329343920482;
6.75;-0.93048708345802;0.286527519495278;-1.34147264590143;
6.8;-0.956370901513405;0.260643947740063;-1.36735463453128;
6.85;-0.948508946911326;0.268510823141795;-1.35949680343601;
6.9;-0.916299132824432;0.30072359502017;-1.32729017731841;
6.95;-0.948127302999985;0.26889472258995;-1.35911959209783;
7;-0.955033074853128;0.261991557429809;-1.36602472049616;
7.05;-1.14318170169465;0.0738471964817588;-1.55417616914819;
7.1;-1.38789527193087;-0.170872935139082;-1.7988942774524;
7.15;-1.69144499029339;-0.474422873391054;-2.10244349663973;
7.2;-2.34409732701822;-1.12707771426159;-2.75509773754586;
7.25;-2.45891321775691;-1.24190049887611;-2.86992178713054;
7.3;-2.51338585318326;-1.29637907044066;-2.92439789201967;
7.35;-3.01813171306431;-1.80113357965097;-3.42914693106257;
7.4;-3.16401135883915;-1.947019361784;-3.57502657483921;
7.45;-2.43224085404209;-1.21524690129307;-2.84325520870988;
7.5;-3.74473052104651;-2.52773612669243;-4.155746591143;
7.55;-2.96107407363976;-1.74408039585173;-3.37209000318164;
7.6;-2.48544105093448;-1.26845236563632;-2.89645530925269;
7.65;-1.8777577582681;-0.660771736117987;-2.2887737378395;
7.7;-1.63726212314646;-0.420281511146934;-2.04828316129166;
7.75;-1.68267147931732;-0.465694852277811;-2.09369669209158;
7.8;-1.77684870874722;-0.559874044459143;-2.18787282867479;
7.85;-1.63835935815351;-0.421380441146024;-2.049382851096;
7.9;-1.57942716684406;-0.362448585799028;-1.99045202767783;
7.95;-1.59604269338303;-0.379064673339345;-2.00706674950476;
8;-1.64058855806169;-0.423609108121374;-2.05161321988555;
8.05;-1.58447585852236;-0.367500075729786;-1.99550161579114;
8.1;-1.60952179502683;-0.392549276713757;-2.02054711134025;
8.15;-1.63738646733447;-0.420418263737546;-2.04841420924494;
8.2;-1.62205513600633;-0.405087896903508;-2.03308224622501;
8.25;-1.62854498733368;-0.411576468766685;-2.03956976169519;
8.3;-1.57173329472624;-0.354759651442372;-1.98275468268085;
8.35;-1.61351527373521;-0.39653907856683;-2.02453670221233;
8.4;-1.62744817144338;-0.410472109904508;-2.03846083637382;
8.45;-1.605948054319;-0.388973563528044;-2.01696385801564;
8.5;-1.61071598187545;-0.393742972128614;-2.02173617586449;
8.55;-1.60253390947632;-0.38556403076822;-2.013556112221;
8.6;-1.61958263263139;-0.402620400166962;-2.03060811394344;
8.65;-1.5589210497715;-0.341956721204339;-1.96994218068401;
8.7;-1.56992932678276;-0.352964150464911;-1.98094942648138;
8.75;-1.63755281332151;-0.420586545177098;-2.04856943888035;
8.8;-1.60769111644576;-0.390728204685034;-2.01870748852524;
8.85;-1.66171536883436;-0.444754325952599;-2.07273372446401;
8.9;-1.7160420020112;-0.49908168012597;-2.12705665995699;
8.95;-1.6955867712296;-0.478627171128968;-2.10659994769337;
9;-1.69095456480168;-0.473991301838813;-2.10196939437361;
9.05;-1.71384966094697;-0.496888162880256;-2.12486708286236;
9.1;-1.88861765530621;-0.671654868751601;-2.29963314422972;
9.15;-2.14726500776627;-0.93030487004717;-2.55828331438592;
9.2;-2.31492398591522;-1.09796403492608;-2.72594810834393;
9.25;-2.60253885925835;-1.38557814759238;-3.01356583291368;
9.3;-2.59535567382531;-1.37839632914343;-3.00638476807629;
9.35;-2.80695722949283;-1.58999539065349;-3.21798488288205;
9.4;-2.79589804400447;-1.57893464806179;-3.2069285783645;
9.45;-2.92753236038909;-1.71056669153115;-3.33856642270439;
9.5;-2.96771117713593;-1.75074714361753;-3.37874702001363;
9.55;-2.82878831198536;-1.61182486377879;-3.23982705283726;
9.6;-3.09337118119542;-1.87641147974898;-3.50441173221223;
9.65;-3.04610864091937;-1.82914909348898;-3.45715034767986;
9.7;-3.05816931707624;-1.84120980891824;-3.46920836685684;
9.75;-3.1784736001125;-1.96151659806084;-3.58951183546714;
9.8;-3.14406442959357;-1.92710644526164;-3.55510139483482;
9.85;-3.55275677761874;-2.33579788451893;-3.96379552670439;
9.9;-3.28136730660024;-2.06440907780398;-3.69240245970664;
9.95;-3.50751031988918;-2.2905539226033;-3.91854395742276;
10;-3.39103410394145;-2.17408106931344;-3.80206873261009;
10.05;-3.05686180657479;-1.83990500663766;-3.46789342971846;
10.1;-3.78472405262003;-2.56776443765812;-4.19575176577595;
10.15;-3.91595568100067;-2.69899421103729;-4.32698238961903;
10.2;-3.76715292202548;-2.55019081584274;-4.17817920621268;
10.25;-3.64971218120745;-2.43274509195703;-4.06073864923385;
10.3;-3.67722797603272;-2.46025832158843;-4.08825146526014;
10.35;-3.5800815902154;-2.36310750679783;-3.99110393637346;
10.4;-3.91598840133676;-2.69901397924442;-4.32701331601776;
10.45;-3.31229306161984;-2.09532162776404;-3.72332007164242;
10.5;-2.79159078255958;-1.5746201180238;-3.20261581396441;
10.55;-2.66823130186977;-1.45126357937884;-3.07925517408412;
10.6;-2.6299695095605;-1.41300625343588;-3.04099231795625;
10.65;-2.64049254168724;-1.42352849738066;-3.05151731260833;
10.7;-2.6871758845368;-1.47021243046345;-3.09820071722561;
10.75;-2.58997641828042;-1.37301397925263;-3.00100054376966;
10.8;-2.55830725423246;-1.34134308789377;-2.96933344038289;
10.85;-2.53358532558267;-1.31661592756589;-2.94460895738189;
10.9;-2.53093518072647;-1.31396524129642;-2.94195581380111;
10.95;-2.53993490548869;-1.32296730047369;-2.95095087060747;
11;-2.50313475364103;-1.28616539595023;-2.91415224248625;
11.05;-2.56954569444982;-1.35257519654197;-2.98056405708679;
11.1;-2.62460792817386;-1.40763794376826;-3.03562553364865;
11.15;-2.65885485001892;-1.44188511381377;-3.06986935668494;
11.2;-2.64214654407253;-1.42517685498233;-3.05316384015204;
11.25;-2.59475326058764;-1.37777818655399;-3.00576752731545;
11.3;-2.63703512828477;-1.42005677204716;-3.04805020913304;
11.35;-2.63317106197273;-1.41618953253987;-3.0441867676587;
11.4;-2.61415375695069;-1.39717131902546;-3.02516455874003;
11.45;-2.58113699027705;-1.36415147391452;-2.99214757939555;
11.5;-2.54431474882026;-1.32732601684094;-2.95532173394746;
11.55;-2.49659191236387;-1.27960209986232;-2.90759818891883;
11.6;-2.51791620676135;-1.30092462317446;-2.92891700243011;
11.65;-2.4197734346931;-1.20278126799286;-2.83077510759159;
11.7;-2.3505029993237;-1.13351337218854;-2.76150505017422;
11.75;-2.42906471786642;-1.21207230929879;-2.84006344064407;
11.8;-2.57695100597242;-1.35995560102699;-2.98794877466187;
11.85;-2.62258366364146;-1.40558305573454;-3.03357780784217;
11.9;-2.78451475328745;-1.56751225280343;-3.19550693230016;
11.95;-2.97674381274247;-1.75974153380479;-3.38773252222258;
12;-3.20405158155839;-1.98704861873853;-3.61503891862053;
12.05;-3.34050927011054;-2.12350548029171;-3.75149669933533;
12.1;-3.5248770379725;-2.30787306774449;-3.93586097073078;
12.15;-3.61702511906045;-2.40001700578723;-4.02800724237268;
12.2;-3.65844332024967;-2.4414364301416;-4.06942559304937;
12.25;-3.62544022849409;-2.40843531393555;-4.03642279266746;
12.3;-3.83302986151029;-2.61602791944447;-4.24401592015237;
12.35;-4.02762556000116;-2.81062225255372;-4.43860832040368;
12.4;-3.70862196473986;-2.49161937533559;-4.11960536519939;
12.45;-4.10018454596632;-2.88317997176915;-4.51116840709959;
12.5;-4.34567287634395;-3.12866692928605;-4.75665867149171;
12.55;-4.72479674824912;-3.50779748808347;-5.13578590864303;
12.6;-4.48627565110374;-3.26927552053134;-4.89726230912721;
12.65;-4.61907124358729;-3.40206828871836;-5.03005343701116;
12.7;-4.17628671357395;-2.95928743361176;-4.58727170674784;
12.75;-4.72042543674872;-3.50342696102597;-5.13140963064607;
12.8;-6.15761724043959;-4.94061497604754;-6.56859985695556;
12.85;-5.75699380732248;-4.53999287341679;-6.16797191865535;
12.9;-5.74462672933352;-4.5276290270947;-6.15560312753929;
12.95;-5.89105214757578;-4.6740556120383;-6.30202948060591;
13;-6.14342347281184;-4.92642759829337;-6.55440199559587;
13.05;-5.90026539941064;-4.68327107251634;-6.31124678274433;
13.1;-5.38061190991356;-4.16361833570668;-5.79159332611424;
13.15;-5.76161230560674;-4.54461600272292;-6.17259512768958;
13.2;-4.6973550364738;-3.48035747696987;-5.10833569737829;
13.25;-4.47736009816822;-3.26035708470073;-4.88834070404061;
13.3;-4.53856868650645;-3.32156599839103;-4.94955358613448;
13.35;-4.45565447156185;-3.23865099839454;-4.86664362966691;
13.4;-4.44269939239041;-3.22569368136132;-4.85369294935969;
13.45;-4.44599455065398;-3.22899036187046;-4.85699283040152;
13.5;-4.37658783148299;-3.15958478306823;-4.78758526638229;
13.55;-4.40166997327908;-3.18466443176897;-4.8126619632453;
13.6;-4.45902151873035;-3.24201894925547;-4.8700184221923;
13.65;-4.42909571542434;-3.21209024832069;-4.84009134164224;
13.7;-4.45278985501375;-3.23578893660088;-4.86379100088247;
13.75;-4.43214036942498;-3.21513956076542;-4.84314313554658;
13.8;-4.4595193458823;-3.24251990887196;-4.87052669979307;
13.85;-4.50246531175006;-3.28546547332598;-4.91347353625752;
13.9;-4.51775980587591;-3.3007552176819;-4.92876634619585;
13.95;-4.52412514526471;-3.30712058368965;-4.93513223439363;
14;-4.49442104884673;-3.27741783753983;-4.90542744008176;
14.05;-4.54396671621733;-3.32695967750105;-4.95496830271781;
14.1;-4.46235188482663;-3.24534486398029;-4.87334943857095;
14.15;-4.43086729897659;-3.21386254446985;-4.84186504474295;
14.2;-3.91906236438238;-2.70205941814224;-4.3300578365195;
14.25;-4.4008379583422;-3.18383029720481;-4.81182932998141;
14.3;-4.84991455886169;-3.63290338887169;-5.26089977905152;
14.35;-5.17363956913899;-3.9566284369696;-5.58462222413106;
14.4;-5.5513330351825;-4.33432279481408;-5.96231898880844;
14.45;-5.60297695677255;-4.38596486629648;-6.01396645025671;
14.5;-4.84988082106644;-3.63286815057216;-5.26086511795524;
14.55;-4.55071619456257;-3.33370486898656;-4.96169887025242;
14.6;-4.54057147631108;-3.32355888142383;-4.95155300266348;
14.65;-4.53471700713505;-3.31770162709937;-4.94569522272086;
14.7;-4.59650496556158;-3.37948682066071;-5.00747667616953;
14.75;-5.00060308711785;-3.78358346167371;-5.41157380474619;
14.8;-5.59441763836113;-4.37739826121114;-6.00538900053122;
14.85;-5.60846839722508;-4.39144784187545;-6.01943839177436;
14.9;-6.01439869996077;-4.79738101620923;-6.42536825957622;
14.95;-6.52515223435988;-5.30813891353453;-6.93612230344218;
15;-5.95432780358543;-4.73731759633117;-6.36529921816648;
15.05;-5.47444577261878;-4.25744148312826;-5.88542139350222;
15.1;-4.95935650275811;-3.74235436380469;-5.37033401525218;
15.15;-4.74260224081188;-3.52559806151379;-5.15358012431933;
15.2;-4.7850363125512;-3.56803232981068;-5.19601292550278;
15.25;-4.82414436932963;-3.60714111162795;-5.2351233108773;
15.3;-4.76373941747061;-3.54673832753984;-5.17472232582679;
15.35;-4.69204624531752;-3.47504514846311;-5.10302931805229;
15.4;-4.70669630154562;-3.48969484201272;-5.11767747806875;
15.45;-4.67513416825349;-3.45813687332932;-5.08612218657996;
15.5;-4.67057746455383;-3.45358291114383;-5.08156746602068;
15.55;-4.65171175358336;-3.43472570306509;-5.06270900607704;
15.6;-4.72445160349186;-3.50747498661607;-5.13544796152348;
15.65;-5.22029119396461;-4.00331452191872;-5.6312828222955;
15.7;-5.54439980695433;-4.32742331867916;-5.95539350942452;
15.75;-5.8991323802047;-4.68215753324541;-6.3101313887852;
15.8;-5.92458402019688;-4.707612038508;-6.33558326864408;
15.85;-6.19759593596605;-4.98062634780987;-6.60859371135299;
15.9;-6.36870614040799;-5.15173347655532;-6.77970447732338;
15.95;-6.50341030484202;-5.28643444974257;-6.9144023847326;
16;-6.80428913164669;-5.58731101139645;-7.21527723237584;
16.05;-6.78368027730573;-5.56669926015412;-7.19466134142292;
16.1;-7.08006238882328;-5.86308006536463;-7.49104660800853;
16.15;-7.31889182267084;-6.10191240104469;-7.72987882411404;
16.2;-7.46076222275944;-6.243777756641;-7.8717458401496;
16.25;-7.69998771929848;-6.48300223851373;-8.11096996082923;
16.3;-8.13870843442477;-6.92172003072351;-8.54968849111476;
16.35;-7.93576934251195;-6.71878009371649;-8.34674909248838;
16.4;-7.25900203712998;-6.0420119176219;-7.66998451171336;
16.45;-6.66502725627108;-5.44803775942986;-7.07600935542046;
16.5;-6.32570525895023;-5.10871805434882;-6.73668777143875;
16.55;-6.21624261549791;-4.9992586422829;-6.62722195180086;
16.6;-6.23292326227984;-5.01594065670055;-6.64390273988318;
16.65;-6.28716125693952;-5.07018099853895;-6.69814061261174;
16.7;-6.27274188349757;-5.0557638412588;-6.68372239107139;
16.75;-6.30701471949817;-5.09003583834735;-6.71799767434989;
16.8;-6.19937406361154;-4.982392087689;-6.6103570245459;
16.85;-6.19715440418007;-4.98016859587224;-6.60813953450824;
16.9;-6.15279118298534;-4.93580438141084;-6.56377135801919;
16.95;-6.14533638166443;-4.92834760357926;-6.55631517588774;
17;-6.15140282125583;-4.93442108897925;-6.56238538940141;
17.05;-6.24422672401413;-5.02724652718044;-6.65521160803586;
17.1;-6.25772366822003;-5.04074300352716;-6.66871062324422;
17.15;-6.09670031275815;-4.87971875471871;-6.50768361365701;
17.2;-6.0935754511948;-4.8765945153683;-6.50455946265518;
17.25;-6.11199878174654;-4.89501646335266;-6.52298245593637;
17.3;-6.30783546982409;-5.09084264043899;-6.7188114698554;
17.35;-6.85169496181318;-5.30081633516476;-7.25196975403052;
17.4;-7.15125123821382;-4.76839167864644;-7.52972850970392;
17.45;-7.44646387831087;-4.42063714152214;-7.82704740935466;
17.5;-7.64704178252811;-4.22275358527622;-8.06491416908271;
17.55;-7.95829806598343;-4.33489097005211;-8.45258521972926;
17.6;-8.01701680658543;-4.27627383022012;-8.60482312026302;
17.65;-8.18578938889178;-4.3764660351717;-8.88014927775846;
17.7;-8.451428373586;-4.64288330166522;-9.27148507712024;
17.75;-8.74602582815649;-5.00762648738909;-9.71518100062666;
17.8;-8.88437974737559;-5.2170102690181;-10.0040738950054;
17.85;-8.99421333713767;-5.71227506208185;-10.2796222028726;
17.9;-9.18799503814851;-6.28988882086949;-10.6025466152669;
17.95;-9.43900986442184;-6.78344628121668;-10.9472590540959;
18;-8.28911909967349;-5.706073928966;-9.82828114280884;
18.05;-9.98009665481668;-7.51161182189612;-11.5710536683843;
18.1;-11.314544983139;-8.99298299015572;-12.9740494783967;
18.15;-10.8271452167241;-8.58893338239016;-12.5264388500487;
18.2;-10.9194310975214;-8.72853916012608;-12.6416960101952;
18.25;-10.3642573073372;-8.19650344743599;-12.0978866724982;
18.3;-10.366476875581;-8.21249483517502;-12.1069245131001;
18.35;-9.78504978067131;-7.6369164569908;-11.5284127266918;
18.4;-9.19523196276147;-7.04759890564863;-10.9388456199622;
18.45;-9.09599693249262;-6.9479516771098;-10.8394057133847;
18.5;-9.12803865895899;-6.97986685947392;-10.8713798459395;
18.55;-9.33196881783758;-7.1842265609137;-11.0755296351726;
18.6;-9.7052403680996;-7.55867266128559;-11.4493952772872;
18.65;-10.0766085541387;-7.93177741701646;-11.8216436618923;
18.7;-10.1186567364197;-7.97538889861916;-11.8644865476003;
18.75;-11.0208576351148;-8.87994979182126;-12.7678896240769;
18.8;-11.1342519032031;-8.99553299763756;-12.882396635533;
18.85;-11.4249115456776;-9.28804091796311;-13.1739963745916;
18.9;-10.9302955705369;-8.7944959028863;-12.6799249737914;
18.95;-10.4765696474821;-8.3412479309647;-12.2264450229496;
19;-9.95153153765981;-7.81633700773894;-11.701470754457;
19.05;-9.61338564159237;-7.47817338929594;-11.3633156694472;
19.1;-9.60672803994329;-7.47149343994452;-11.3566491083284;
19.15;-9.61261711765763;-7.47737303443458;-11.3625316441833;
19.2;-9.54003594942303;-7.40477520782383;-11.289941259602;
19.25;-9.48119250597918;-7.34591040464163;-11.2310870514224;
19.3;-9.55956509212851;-7.42427142782034;-11.3094540129127;
19.35;-9.54291306344409;-7.40760866611696;-11.2927945989768;
19.4;-9.58344604632104;-7.44813725616415;-11.3333250455681;
19.45;-9.62631724323847;-7.49100622793132;-11.376197476701;
19.5;-9.65770510834269;-7.52239494370446;-11.4075818429894;
19.55;-9.66688219035258;-7.53157533750513;-11.4167583972382;
19.6;-9.65822125559062;-7.52291571969295;-11.4080964745458;
19.65;-9.68446424837338;-7.54916069961254;-11.4343432056983;
19.7;-9.64613155071844;-7.51082780007487;-11.3960081936642;
19.75;-9.63343583191105;-7.49813272678217;-11.3833143410737;
19.8;-9.68669584877615;-7.55139226852084;-11.4365720734209;
19.85;-9.64070200592732;-7.50539364155622;-11.3905749573395;
19.9;-9.61204958552749;-7.47674306576849;-11.3619262938187;
19.95;-9.45933936940721;-7.3240308242662;-11.2092161911587;
20;-9.37314558580298;-7.23783729133869;-11.1230202505446;
20.05;-9.27392600073986;-7.13861670864548;-11.0238001429115;
20.1;-9.41637076774048;-7.28105783135352;-11.1662370498758;
20.15;-9.62176916496103;-7.48645840538147;-11.3716314434316;
20.2;-9.64607415656599;-7.5107685980559;-11.3959393654635;
20.25;-9.60625145489283;-7.47094717207371;-11.3561203066286;
20.3;-9.24664171038184;-7.111337280204;-10.9965131213684;
20.35;-8.95483182193721;-6.81952424829093;-10.7046994451302;
20.4;-8.66272767723484;-6.52741860672945;-10.4125959382373;
20.45;-8.31737286356144;-6.18205814949891;-10.0672398086328;
20.5;-8.21231204851998;-6.0769948258213;-9.96217718878915;
20.55;-8.00901342282345;-5.87369230128833;-9.75887699866306;
20.6;-7.93116658806425;-5.79584525096335;-9.68103125987176;
20.65;-7.65443203377144;-5.51911217548989;-9.40429757480205;
20.7;-7.96455193499903;-5.82922738466673;-9.71441330740802;
20.75;-8.41770363053045;-6.28237469638686;-10.1675620930499;
20.8;-8.96087090001706;-6.82553892199822;-10.7107322658297;
20.85;-9.13718443151405;-7.00185234348868;-10.8870474288066;
20.9;-9.17103630306489;-7.03570222211571;-10.9208993273393;
20.95;-9.27288584735897;-7.13755445889095;-11.0227506966647;
21;-9.16489950041931;-7.02957040233503;-10.914763677687;
21.05;-9.12272456006568;-6.98739352544114;-10.8725878016136;
21.1;-9.13919610669221;-7.00386171635399;-10.8890617957567;
21.15;-9.17508137521411;-7.03974436837604;-10.9249461722548;
21.2;-9.19480322585223;-7.05946028440665;-10.9446661415543;
21.25;-9.17140933509488;-7.03606540358039;-10.9212753332501;
21.3;-9.17124781046269;-7.03590651743184;-10.9211127400778;
21.35;-8.75327648651809;-6.61793879969636;-10.5031429586953;
21.4;-8.59996340900585;-6.46462248070162;-10.3498256971544;
21.45;-7.89313700991155;-5.757796039298;-9.64299725192958;
21.5;-7.9264614447796;-5.79111554078804;-9.67631593906082;
21.55;-7.69533062855942;-5.55998371892939;-9.44518380697301;
21.6;-7.44112637005293;-5.30577779793964;-9.19097686679161;
21.65;-7.52588164516296;-5.39053402545252;-9.27573459238896;
21.7;-7.11341251203681;-4.97806042752299;-8.86326082568886;
21.75;-7.23108493961928;-5.09572910099037;-8.9809324918871;
21.8;-7.20417117011453;-5.06881453502673;-8.95401840705615;
21.85;-6.72425851154406;-4.58890496505628;-8.47411084357027;
21.9;-6.59566298572707;-4.46031103759987;-8.34551820033635;
21.95;-6.61392857853741;-4.47857476543584;-8.36378170381492;
22;-6.21878203697228;-4.08343028285388;-7.96863374892712;
22.05;-6.14035429244737;-4.00500114205503;-7.89020376831192;
22.1;-5.87357105953672;-3.73821777958588;-7.62341711239422;
22.15;-6.35671763518316;-4.22136202308475;-8.10655967478858;
22.2;-6.65882493558807;-4.52347083198965;-8.40867040455248;
22.25;-7.10170666145792;-4.9663546251662;-8.85155142460065;
22.3;-7.34493402481629;-5.20958555995013;-9.09478198210291;
22.35;-7.54443718500646;-5.40909318223558;-9.29428670352611;
22.4;-7.63709145615129;-5.5017475804192;-9.38693992082952;
22.45;-7.64138090422487;-5.50603819691361;-9.39122821088828;
22.5;-7.62428508633069;-5.48894519438928;-9.37412987041527;
22.55;-7.55073425018308;-5.41539445219526;-9.30057918523592;
22.6;-7.56215320787533;-5.42681129001346;-9.31200167096918;
22.65;-7.51709149338562;-5.38174517623059;-9.26693872543423;
22.7;-7.50902123796163;-5.37367804183433;-9.25887065030414;
22.75;-7.53131602749414;-5.39597274276193;-9.28116213152016;
22.8;-7.49551396911525;-5.3601725021221;-9.24536072570702;
22.85;-7.48890098400588;-5.35356057268747;-9.23874702164262;
22.9;-7.54525196850059;-5.40991210373766;-9.29509613710921;
22.95;-7.5556338757185;-5.42029516826787;-9.30547757059272;
23;-7.5314722310327;-5.39613725033295;-9.28131620845879;
23.05;-7.46112513474075;-5.32579176452524;-9.21096846781878;
23.1;-7.45333144104605;-5.31799944834577;-9.20317576240506;
23.15;-7.52986646764842;-5.39453295528777;-9.27970589586395;
23.2;-7.55958474001205;-5.42425634671069;-9.30942483853054;
23.25;-7.49910228327822;-5.36377645035218;-9.24894053091281;
23.3;-7.2570931217187;-5.12177002056696;-9.00693114807116;
23.35;-7.06058994740473;-4.92526663917481;-8.81042766076496;
23.4;-6.93937143356437;-4.80404559587218;-8.68920805107772;
23.45;-6.49905837740105;-4.36372984131141;-8.24888892201805;
23.5;-6.40209280823094;-4.26676069910287;-8.15192153032955;
23.55;-6.09026292781517;-3.95492955582512;-7.84009329708702;
23.6;-6.04551793367456;-3.91018285428459;-7.79534534261298;
23.65;-5.72039895711765;-3.58506140736414;-7.47022374046736;
23.7;-5.40142643515083;-3.26609112795192;-7.15125006846098;
23.75;-5.29715771603574;-3.1618201837994;-7.04697891907148;
23.8;-4.98621690115617;-2.85087796430144;-6.73604209495036;
23.85;-4.48583385534841;-2.35049319777411;-6.23566141214262;
23.9;-4.517374577534;-2.38203293738941;-6.26720355082228;
23.95;-3.95229126527204;-1.81694987455734;-5.70212026624142;
24;-4.30301710644297;-2.16767272154514;-6.05284749688983;
24.05;-3.26297877603328;-1.12762827533697;-5.0128076887209;
24.1;-3.16016200661361;-1.02481003284488;-4.90998802318991;
24.15;-4.04908632922395;-1.91373779977264;-5.79891292652201;
24.2;-4.67632063665404;-2.54097363339215;-6.42614688879154;
24.25;-5.00204210652657;-2.86669375807992;-6.75186804258823;
24.3;-5.22758432131535;-3.09223650947117;-6.97741586687596;
24.35;-5.22755377968331;-3.09220936905957;-6.97738679349401;
24.4;-5.26389856396412;-3.12855271121873;-7.01373398746045;
24.45;-5.24749732215093;-3.11215040206859;-6.99733572019884;
24.5;-5.24568251402731;-3.11033692661238;-6.99552324914685;
24.55;-5.24531066012658;-3.109961425269;-6.99514920255849;
24.6;-5.24531081776733;-3.10996125412213;-6.99515194098986;
24.65;-5.24530804727729;-3.10996003124058;-6.99515003848754;
24.7;-5.24529902007331;-3.10995141642742;-6.99514301165419;
24.75;-5.24530689694735;-3.10996173261984;-6.99515135683036;
24.8;-5.24530782361244;-3.10996366064094;-6.99515225995838;
24.85;-5.24529589115842;-3.10995387148725;-6.99514316186237;
24.9;-5.24746769574991;-3.11212211557174;-6.99731385093864;
24.95;-5.23347439946492;-3.09812922627318;-6.98332361310587;
25;-5.19734958506645;-3.06200335368859;-6.947198080985;
25.05;-5.21212054044328;-3.07677166925847;-6.96196607249875;
25.1;-5.2229853802344;-3.08763423419881;-6.97283353214008;
25.15;-5.12813563315675;-2.99277970519339;-6.87798077923893;
25.2;-5.11281254827777;-2.97745609480937;-6.86265752195887;
25.25;-5.14162519307125;-3.00627208646074;-6.89147277745921;
25.3;-5.10319134040078;-2.96783044047831;-6.85303518836685;
25.35;-5.13167216929434;-2.99631200230678;-6.88152050546422;
25.4;-5.14021521814218;-3.00485227298626;-6.89006390806444;
25.45;-5.13410352922344;-2.99873937449819;-6.88395128145726;
25.5;-5.2141447536319;-3.07878142133861;-6.96399165794395;
25.55;-5.23902523394895;-3.10366506924747;-6.98887336642389;
25.6;-5.22504534643778;-3.08968994260107;-6.97489476175947;
25.65;-5.07437361081744;-2.9390178330132;-6.8242251259306;
25.7;-5.01387415417888;-2.87851990686763;-6.76372763957035;
25.75;-5.18433574908236;-3.04897947264195;-6.93418926541818;
25.8;-4.87477480478791;-2.73941546452646;-6.62462668899961;
25.85;-5.18101352190612;-3.04565506556747;-6.93086792607093;
25.9;-5.2630259246987;-3.12766667008378;-7.0128827902473;
25.95;-5.20670559013401;-3.07134773537261;-6.95656463235893;
26;-5.23246420485851;-3.09710648555164;-6.98232208230186;
26.05;-5.1938631252297;-3.05850084235508;-6.94372040304918;
26.1;-5.10916399663939;-2.97380276244291;-6.85902280293518;
26.15;-5.19460467267614;-3.05923515178555;-6.94445656770101;
26.2;-5.20593135743124;-3.07055920014712;-6.95577809993346;
26.25;-5.1938498878319;-3.05847666789022;-6.9436986893211;
26.3;-5.20723749617719;-3.0718552147486;-6.95708126610659;
26.35;-5.20274674534284;-3.06735997292763;-6.95258579347215;
26.4;-5.23395862452263;-3.09857000131589;-6.98379793650944;
26.45;-4.98492430618195;-2.84953082288028;-6.73476432332887;
26.5;-4.73919121074558;-2.60379838955296;-6.48903565111484;
26.55;-4.55438995506525;-2.41899644344306;-6.30423814050437;
26.6;-4.46107823505339;-2.32568373958182;-6.21092578474069;
26.65;-4.91947800478103;-2.78407901063776;-6.66932217767465;
26.7;-4.78672866350457;-2.65132711719623;-6.53656946622998;
26.75;-4.51498094819726;-2.37958079106087;-6.26482045761393;
26.8;-4.6074182586605;-2.47201673044189;-6.35725695253496;
26.85;-4.66458026885051;-2.52917775601451;-6.41441908465553;
26.9;-4.79012698087436;-2.65472685319361;-6.53996898865214;
26.95;-4.85740254664316;-2.72200030008417;-6.60724423567828;
27;-5.08840367294202;-2.95299848021065;-6.8382436206867;
27.05;-5.1406911987781;-3.00528123738735;-6.89052472060328;
27.1;-5.21660181124536;-3.08119400875151;-6.96643401897287;
27.15;-5.22813903194267;-3.0927333750248;-6.97797115754861;
27.2;-5.42278447471879;-3.28737543838585;-7.17261078527661;
27.25;-5.32569610230532;-3.19028346304197;-7.07552220694737;
27.3;-5.27230978007727;-3.13689206287848;-7.02213123287032;
27.35;-5.17181003546727;-3.03638963796305;-6.92163071342188;
27.4;-5.02601315194937;-2.89059137532204;-6.77583660824181;
27.45;-4.97718749478179;-2.84176386011959;-6.72700883528426;
27.5;-4.58136900573346;-2.44594256542398;-6.33119235752604;
27.55;-4.33042338942636;-2.19499941682356;-6.08025387592169;
27.6;-4.15725813429411;-2.02183315641324;-5.9070861113863;
27.65;-3.92173407219131;-1.78631197019012;-5.67156088961291;
27.7;-4.5511931793679;-2.41577328467258;-6.301019700213;
27.75;-4.91325756321464;-2.77784583731067;-6.6630917486398;
27.8;-5.13132144604775;-2.99591178203912;-6.881161289285;
27.85;-5.18818650363771;-3.05278322694962;-6.93802957461865;
27.9;-5.21889062768081;-3.08348297364157;-6.96872847565473;
27.95;-5.22339659774569;-3.08798707152896;-6.97323171424256;
28;-5.19871875904849;-3.06330874456802;-6.94855225920834;
28.05;-5.20518856973534;-3.06977688164339;-6.95502211160499;
28.1;-5.20345310443712;-3.06804421263587;-6.9532908662257;
28.15;-5.20544006851283;-3.07003714321135;-6.95528357539061;
28.2;-5.20549119085312;-3.07008992382736;-6.95533749248129;
28.25;-5.20550081047408;-3.07010010317226;-6.9553485050557;
28.3;-5.20548110573461;-3.0700800968731;-6.95532916098996;
28.35;-5.19309214400111;-3.05768615352229;-6.94293758262465;
28.4;-5.28754589556274;-3.15214368521311;-7.03739429255983;
28.45;-5.28404321933106;-3.14863881689175;-7.0338908423163;
28.5;-5.22564456499445;-3.09024269856879;-6.97549298393758;
28.55;-5.23991112841325;-3.10450867531463;-6.9897593688896;
28.6;-5.2085861413129;-3.07318512580433;-6.95843350677616;
28.65;-5.21125046214247;-3.07585688680843;-6.96110305501727;
28.7;-5.14867332556662;-3.01327935537689;-6.89852794841564;
28.75;-5.18977670327912;-3.05437846922283;-6.93963155710073;
28.8;-5.24328644982854;-3.10788858060075;-6.99313821511884;
28.85;-5.27085190230902;-3.13545407021789;-7.02070331762879;
28.9;-5.3077146693347;-3.17231709865031;-7.05756583515746;
28.95;-5.31942873096164;-3.18403254623047;-7.06927935796063;
29;-5.3251084207612;-3.18971792454097;-7.07496650957327;
29.05;-5.32512021410544;-3.18973029256641;-7.07497874206545;
29.1;-5.27563696249241;-3.14024952062428;-7.02549589545178;
29.15;-5.25486521375089;-3.11947943546863;-7.00472381524868;
29.2;-5.18701626621216;-3.05163087079103;-6.93687598019597;
29.25;-5.1150326938931;-2.97964835952151;-6.8648954953106;
29.3;-5.09805964175927;-2.96267145434602;-6.84792068153623;
29.35;-5.13965112191453;-3.00426578618534;-6.88951156836589;
29.4;-5.18147737255699;-3.04609351791344;-6.93133726396242;
29.45;-5.19404876408522;-3.05866401677574;-6.94390932607732;
29.5;-5.22300953195611;-3.08762808886688;-6.97287477620642;
29.55;-5.16059925699445;-3.0252154311651;-6.91046222703275;
29.6;-5.15859946607438;-3.02321658650976;-6.90846216494235;
29.65;-5.16946877767281;-3.03408998475924;-6.91933390972776;
29.7;-5.19750288647049;-3.06212387511643;-6.94736991603515;
29.75;-5.20802883925655;-3.07265175454704;-6.95789532965103;
29.8;-5.18267134270058;-3.04729300690412;-6.93253671260616;
29.85;-4.84471870633594;-2.70934546175569;-6.59458776964843;
29.9;-4.38182222142575;-2.24644994650864;-6.13169552376981;
29.95;-4.51618659670967;-2.38081501058926;-6.26605860085777;
30;-3.25743843194802;-1.12206659448853;-5.00731531843;
30.05;-3.38724989288315;-1.25187736030149;-5.13712817974926;
30.1;-3.22638604405848;-1.09100903483463;-4.97625959885286;
30.15;-3.05588104111985;-0.920500628712418;-4.80575509763373;
30.2;-2.60959175839693;-0.474209728136442;-4.35946243819621;
30.25;-3.29954674665466;-1.16416610550151;-5.04941793998961;
30.3;-3.52209249152912;-1.38671095833933;-5.27196286327847;
30.35;-4.15372817421005;-2.01834438567787;-5.90359708569225;
30.4;-4.41003161946073;-2.27465039958591;-6.15989781576159;
30.45;-4.51229361778337;-2.37691738874877;-6.26215780419381;
30.5;-4.53701763526756;-2.40164587462352;-6.28688205681784;
30.55;-4.48711866992639;-2.35174848887761;-6.23698260000265;
30.6;-4.49742464594938;-2.36205106163419;-6.24728826331162;
30.65;-4.40357840261347;-2.26820057430425;-6.15343905049256;
30.7;-4.00825237173673;-1.87287316196015;-5.75811377126982;
30.75;-3.62800706272152;-1.49262661906793;-5.37787001115977;
30.8;-3.23179062767128;-1.09641015659681;-4.98165523364841;
30.85;-2.88972748822823;-0.754346387832831;-4.63959062466549;
30.9;-3.00141870753113;-0.866034820577906;-4.75128340703558;
30.95;-3.5135474319986;-1.37816298410718;-5.26341407171682;
31;-3.91787110689851;-1.78249124347352;-5.66774265130473;
31.05;-4.288651363263;-2.15326987324828;-6.03852101339432;
31.1;-4.29480574754536;-2.15942493127067;-6.0446695234882;
31.15;-4.41905929717187;-2.28368060783426;-6.1689236212801;
31.2;-4.31284160221187;-2.1774653036002;-6.06270232704878;
31.25;-4.28794947864116;-2.15256981725439;-6.03780488959728;
31.3;-4.27002130983846;-2.13464180508948;-6.01987315698766;
31.35;-4.22167475839369;-2.0862958934283;-5.97152699899893;
31.4;-4.19851540680136;-2.06313942078626;-5.94836795925691;
31.45;-4.21850297428392;-2.08312772161297;-5.9683552820023;
31.5;-4.26579782797022;-2.13041793115788;-6.01564532907992;
31.55;-4.26368908151843;-2.12830630681199;-6.01353627387155;
31.6;-4.17391394086573;-2.03852476636729;-5.92375979692939;
31.65;-4.19239589737399;-2.05700410664032;-5.94223853483229;
31.7;-4.22119279866845;-2.08580006860821;-5.97103512549482;
31.75;-4.26949746750552;-2.13410358352567;-6.0193372680367;
31.8;-4.24480518442483;-2.1094046326308;-5.9946414267342;
31.85;-4.19013988504909;-2.05473604334992;-5.93997502890874;
31.9;-4.24877423245529;-2.1133667752143;-5.99860726797516;
31.95;-4.3188489192081;-2.18344138125341;-6.06868134622587;
32;-4.28262223076609;-2.14719200896177;-6.0324278449366;
32.05;-4.23741127370982;-2.20194486767134;-5.97537052307888;
32.1;-4.30217192943029;-2.35217683091595;-5.99575116533416;
32.15;-4.33214285009762;-2.37264466366742;-5.98139576071202;
32.2;-4.35713343335261;-2.37619429425176;-5.98165406302637;
32.25;-4.30595802340736;-2.28135987819775;-5.91333373758306;
32.3;-4.0757490825821;-1.94165939634716;-5.65707584859099;
32.35;-3.92014196777962;-1.61867797366393;-5.46311446374926;
32.4;-3.91254339331318;-1.43468079088944;-5.41117988474131;
32.45;-4.10510404001202;-1.51228408644692;-5.57243279025062;
32.5;-4.23901270668233;-1.5927264372509;-5.6892501353864;
32.55;-4.33081890324566;-1.66899069581773;-5.77433697159477;
32.6;-4.17800674027659;-1.47984347032574;-5.61118324001242;
32.65;-4.19211190037706;-1.4423103017545;-5.60999465145557;
32.7;-4.25324844273869;-1.46707467172174;-5.65924793803553;
32.75;-4.21890772095747;-1.39702554753975;-5.61317140041896;
32.8;-4.22616678220638;-1.36990584141472;-5.60908260874264;
32.85;-4.24367132023247;-1.35548541854957;-5.61478639484146;
32.9;-4.26194281709311;-1.34444987249857;-5.62073487671858;
32.95;-4.29763702029195;-1.3685436905571;-5.65052982035661;
33;-4.30357545540788;-1.3700016670576;-5.65247258947602;
33.05;-4.27358224925204;-1.32476908814273;-5.61458336302239;
33.1;-4.27685456965833;-1.31102908915804;-5.60992256869804;
33.15;-4.30528717638985;-1.32947599057661;-5.63257897810432;
33.2;-4.27402318820153;-1.28869409673586;-5.5974628647961;
33.25;-3.82006649213448;-0.713175517390439;-5.10861450041601;
33.3;-3.41905554358386;-0.0389343984072268;-4.62391849815124;
33.35;-3.28054352601984;0.432051912208137;-4.37552566844433;
33.4;-3.15728824900987;0.891043226035225;-4.13176887334736;
33.45;-3.75098093642856;0.453302413575337;-4.64678440754546;
33.5;-4.17090478685056;-0.00359271593034492;-5.0392548897405;
33.55;-4.34528333137991;-0.303992170293758;-5.21247798074722;
33.6;-4.23497881611912;-0.239699546522768;-5.09806509235521;
33.65;-4.17457827107191;-0.160853779739192;-5.02942840511195;
33.7;-3.93092978269837;0.123120552128684;-4.76869582799437;
33.75;-3.53738442607311;0.580101177246187;-4.34559627419091;
33.8;-3.251521615501;0.935773414262587;-4.02509332069634;
33.85;-3.05361695412072;1.19827947157895;-3.79373980205787;
33.9;-2.47143718679457;1.85321874956612;-3.17273551037614;
33.95;-2.43649379683536;1.94763544704057;-3.10532595237109;
34;-2.26863545886937;2.16202104774966;-2.91161658004432;
34.05;-3.00930350380689;1.44269339652352;-3.64026023771393;
34.1;-0.527457008780583;3.97394603921668;-1.130301145032;
34.15;-1.01306903001882;3.52372225396815;-1.59563493996148;
34.2;-1.02748385227429;3.52937394158868;-1.59847761280145;
34.25;-1.48117373149184;3.08624363493524;-2.04604877664847;
34.3;-1.61396931143574;2.95951642906806;-2.17531172659617;
34.35;-2.40406563201349;2.17120941401325;-2.96436145436889;
34.4;-2.66004877865162;1.91543482896704;-3.22022120445469;
34.45;-2.7974269860647;1.77797676535858;-3.35764813032891;
34.5;-2.77414172323452;1.80123550876531;-3.3343752955481;
34.55;-2.75533417118616;1.82007074422304;-3.31555497740784;
34.6;-2.78463806875128;1.79077197899591;-3.34485323295499;
34.65;-2.78749025176887;1.78791960349868;-3.34770720266699;
34.7;-2.78350175100673;1.79190749053361;-3.34371904458911;
34.75;-2.7832807558332;1.79212850047866;-3.34349904923078;
34.8;-2.78328687972626;1.79212478123063;-3.34350491943511;
34.85;-2.78327317734032;1.79213988466571;-3.34349193200326;
34.9;-2.76886181923642;1.80655254254201;-3.32907748365559;
34.95;-2.79025565058149;1.78515860085302;-3.35047170691029;
35;-2.73093158630312;1.84449159544733;-3.29114170897994;
35.05;-2.74643370621026;1.82899302864626;-3.30664223094613;
35.1;-2.7028749949402;1.87256519206034;-3.26307791248361;
35.15;-2.63160873054978;1.94384651339071;-3.19180001879982;
35.2;-2.66584644028194;1.90962170798454;-3.22603219882328;
35.25;-2.73816922345101;1.83730132784158;-3.29835249633125;
35.3;-2.73294112214906;1.8425300781408;-3.29312779529879;
35.35;-2.69849588230441;1.8769901977366;-3.25867698611786;
35.4;-2.67054875432952;1.90494666941429;-3.23072771152672;
35.45;-2.65193030703481;1.92357254498042;-3.2121028488262;
35.5;-2.71006533592781;1.86543921797236;-3.27023258141705;
35.55;-2.67028108610184;1.90522865947503;-3.23044287976465;
35.6;-2.70575788934011;1.86975915730558;-3.26591749562778;
35.65;-2.66793856278478;1.90757995149423;-3.22809643628534;
35.7;-2.68559164295567;1.88992823748978;-3.24575215764406;
35.75;-2.67682887896864;1.89869390427951;-3.23699488158358;
35.8;-2.68459822007683;1.89092410189492;-3.24476118982204;
35.85;-2.67653086223556;1.89899110627601;-3.23669175565732;
35.9;-2.58744196494592;1.98808192835124;-3.14760096108865;
35.95;-2.67790818528966;1.89762131700824;-3.23806661239788;
36;-2.6872685018169;1.88826429188021;-3.24742107008483;
36.05;-2.72769936590828;1.84783233816595;-3.2878520992412;
36.1;-2.77452900219153;1.8009991249673;-3.33468435810338;
36.15;-2.78190299133759;1.79362529024892;-3.34206019996076;
36.2;-2.79598078612377;1.77955311056537;-3.35613771468129;
36.25;-2.70556713731069;1.86996557054171;-3.26572966261736;
36.3;-2.38027900097825;2.19525659567253;-2.94044044395396;
36.35;-2.23327667044265;2.34225461981669;-2.7934395578374;
36.4;-1.63714323873913;2.93838875089055;-2.19730252855825;
36.45;-1.5100605253349;3.06546982476947;-2.07021854571903;
36.5;-1.39166100914264;3.18387166148059;-1.95181807517426;
36.55;-1.12438403483457;3.45114909617949;-1.6845414632104;
36.6;-2.09443953198776;2.48109374156543;-2.65459706579837;
36.65;0.54450159241106;5.12003707288219;-0.0156514982501531;
36.7;-0.389625454949691;4.18591217714103;-0.949773595371527;
36.75;-0.287279074233573;4.28826094803158;-0.84742488862987;
36.8;-0.0891490048183759;4.48639262797758;-0.649291364699479;
36.85;0.1707235794005;4.74626533194831;-0.389418899539045;
36.9;0.285965867904399;4.86151095749501;-0.274175466599359;
36.95;0.516602156506564;5.09214421626695;-0.0435363048244978;
37;0.454373483825659;5.02991241665185;-0.105764574517624;
37.05;0.753031286939572;5.32856693232037;0.192891056685163;
37.1;1.07825275420569;5.65378406350729;0.518111313547227;
37.15;1.29516448178771;5.87069834864849;0.7350215600518;
37.2;1.31638985444071;5.8919246791922;0.756243879765681;
37.25;0.807535449710228;5.38307280724142;0.247387519049332;
37.3;0.411782109436065;4.9873221153809;-0.14836477277447;
37.35;-0.0573218371454658;4.51821927114008;-0.617469797215094;
37.4;-0.306631659780388;4.2689082868728;-0.866783500153342;
37.45;-0.347812297793074;4.22773224972487;-0.907963714410957;
37.5;-0.382762149238248;4.19278219546458;-0.942912467850592;
37.55;-0.37722105999921;4.1983192954899;-0.937371249330199;
37.6;-0.364047410593402;4.21148873594837;-0.924197296823992;
37.65;-0.363224107266932;4.21231648748875;-0.923370508968783;
37.7;-0.360037746652867;4.21550299518718;-0.920180544754509;
37.75;-0.326912561619631;4.24862183397315;-0.887054381909353;
37.8;-0.364142277616135;4.21139506602281;-0.924281719914888;
37.85;-0.308581646152984;4.2669594960218;-0.868717517714038;
37.9;-0.255680494179524;4.31986359661881;-0.815816304297961;
37.95;-0.253592232345259;4.32195706400153;-0.813727328572931;
38;-0.294185482158926;4.28136323938911;-0.854319468754731;
38.05;-0.291207630418503;4.28434160810442;-0.851340826838016;
38.1;-0.284634428430523;4.29091779416346;-0.844769176438346;
38.15;-0.206314005413067;4.36924145857523;-0.766445970722659;
38.2;-0.182478365498928;4.39307122275311;-0.742611203485755;
38.25;-0.253494343003035;4.32205626700179;-0.813628949160664;
38.3;-0.283350083448236;4.29220393049821;-0.843482517737282;
38.35;-0.344572977572581;4.23098072812647;-0.90470439624024;
38.4;-0.377636603410603;4.19791605205102;-0.937771324271807;
38.45;-0.337468774535182;4.23808338512636;-0.897604669535754;
38.5;-0.249331520586738;4.32621981244417;-0.809468294117783;
38.55;0.0568744196215223;4.6324246220718;-0.503264502012033;
38.6;0.327103299252131;4.90264996127712;-0.233036283827082;
38.65;0.50943070632568;5.08497622781359;-0.0507077596852753;
38.7;0.8306329047956;5.40617685486777;0.270495220094925;
38.75;1.13730514533642;5.71284922598039;0.577173463361533;
38.8;1.2985480400912;5.87409032582318;0.738415032850318;
38.85;1.64033767290846;6.21588200081139;1.08020468760206;
38.9;1.25916395367156;5.83471081850984;0.699028961343243;
38.95;2.57013096805464;7.14567233535575;2.00998945265253;
39;2.11991831225597;6.69545144847622;1.55976930481554;
39.05;2.74218820305835;7.31771797968749;2.18203577082213;
39.1;2.63828286146689;7.21380625206572;2.0781261735449;
39.15;3.10990112939418;7.68542154093354;2.54974142508771;
39.2;3.26407427623639;7.83959460087659;2.7039185432792;
39.25;2.21658643825336;6.79210862281192;1.65642944503649;
39.3;1.63769916127049;6.21322552020967;1.0775433592426;
39.35;2.0257578138606;6.60129003146587;1.46560019278412;
39.4;1.39197542284835;5.96750769640634;0.831819597734812;
39.45;1.43666558817141;6.01219965184283;0.876513821908228;
39.5;1.32400853180486;5.89954711689704;0.763856098913708;
39.55;1.33640865455231;5.91194683878077;0.776258161830505;
39.6;1.33104209428301;5.90658283222003;0.770892244888073;
39.65;1.33036774747464;5.9059111245906;0.770217493903422;
39.7;1.330347855973;5.9058913972178;0.770196479259378;
39.75;1.33033418628343;5.90587719121215;0.770183128402696;
39.8;1.50243831551574;6.07797988504842;0.942286404895525;
39.85;1.46877664756587;6.04432043896954;0.908627730706012;
39.9;1.43145744486805;6.00700087713111;0.871307830316012;
39.95;1.45610920123148;6.03165248193836;0.895958541033004;
40;1.38681347453597;5.96235679015364;0.826662302014614;
40.05;1.36413313788498;5.93967157328672;0.803979393589198;
40.1;1.43833750607538;6.01387490668203;0.878180379038483;
40.15;1.46667947328657;6.04221920715322;0.90652072989127;
40.2;1.43104228933309;6.00658332918037;0.870879664102705;
40.25;1.37135579243052;5.94689941263872;0.81119468379375;
40.3;1.40437952838036;5.97992133983204;0.844216124781788;
40.35;1.41809715994414;5.99370574576776;0.858003509817587;
40.4;1.43487977804967;5.78941264067253;0.871326416554599;
40.45;1.40785337032999;5.16612526516117;0.832918624298494;
40.5;1.39330238882815;4.57483660364043;0.807636631567187;
40.55;1.36626861812459;4.0522884718563;0.773085490070107;
40.6;1.39981876941471;3.66258481965181;0.801365875368828;
40.65;1.38039801544641;3.26801752124724;0.774524653620657;
40.7;1.88401444066695;3.55861132717334;1.29913151129866;
40.75;2.18028325213279;3.80405962060506;1.65418949186545;
40.8;2.09702274693164;3.86421425489758;1.64401454212472;
40.85;2.63098482870906;4.64537809378134;2.26487566894986;
40.9;2.69141088673871;4.88711279389299;2.39872977571214;
40.95;2.90540781153049;5.23911363122149;2.67530455065329;
41;3.23315047984926;5.68787364213838;3.06151315123819;
41.05;3.31449533785469;5.86226111994345;3.18965193819969;
41.1;3.37151543067393;5.98686870006168;3.28164082891359;
41.15;3.38500343485547;6.04877563048466;3.32070153079025;
41.2;4.32936842710369;7.04807319241308;4.2945290483964;
41.25;4.23718819068053;6.99652131528119;4.2243951913618;
41.3;4.20117170389356;6.98637509241381;4.20254497115639;
41.35;4.29698152199374;7.10066525218982;4.30854618982893;
41.4;4.44192031439512;7.25967458938092;4.46128327278715;
41.45;5.13544215516441;7.96702054155438;5.16249671001619;
41.5;4.78420674715372;7.62452625038555;4.81614125722727;
41.55;4.37108905582781;7.21564738826265;4.40539303925833;
41.6;3.85046282098298;6.69665813512559;3.88568492053519;
41.65;3.3816706205909;6.22815865851386;3.41705551482366;
41.7;3.24728839062592;6.09375214465825;3.28265894183791;
41.75;3.18666467940423;6.03307451785293;3.22200608138619;
41.8;3.19572270086175;6.04210296052558;3.23104783742409;
41.85;3.18957146284642;6.03593015790123;3.22488317003255;
41.9;3.24277905331309;6.08914342251491;3.27809528012758;
41.95;3.23867041259375;6.08504185647532;3.2739910482123;
42;3.29774305702386;6.14413907756994;3.33307987259574;
42.05;3.35934601632495;6.20578367823666;3.39470671282075;
42.1;3.34091411252375;6.18747201585239;3.37638042751223;
42.15;3.31152629175399;5.53907992286439;3.41755216782727;
42.2;3.28886793333237;4.43767722466413;3.52608584594424;
42.25;3.28037044946562;3.61763722161802;3.62355299361073;
42.3;3.2649251881233;3.0039777303488;3.6818620902968;
42.35;3.2567839158765;2.50685149253366;3.72392354482901;
42.4;3.27821303442491;2.10309252730837;3.77523816604927;
42.45;3.34690099241464;1.8056519215963;3.86576149946644;
42.5;3.54903512600163;1.74502131922861;4.10151455821707;
42.55;3.366751414226;1.30736406864032;3.94288348166787;
42.6;3.28111850721417;0.956902444696587;3.86846887286116;
42.65;3.28946528513163;0.710627149540895;3.87666368174775;
42.7;3.72966254273357;1.04132414567826;4.35009599301337;
42.75;4.03825012542709;1.40011453793132;4.7340687121044;
42.8;4.34446495250211;1.86458614094432;5.14503106337129;
42.85;4.45392338422041;2.1796405511989;5.37818423475291;
42.9;4.71185955229081;2.69864349615026;5.78341386900291;
42.95;4.48536557620839;2.65082803056753;5.68554230690234;
43;4.06827281427112;2.23797184837012;5.34956430873947;
43.05;3.54277566861385;1.53754717033288;4.85504663860376;
43.1;3.3912383601939;1.13955509397707;4.71107771766448;
43.15;3.35029571391348;0.85388741946641;4.67141832468033;
43.2;3.35149484463792;0.631698952900196;4.67230226788602;
43.25;3.34518633896356;0.426361468349563;4.66574133545381;
43.3;3.35498889695082;0.259730115319442;4.67390974795369;
43.35;3.36783077188916;0.194638244735496;4.68632270215564;
43.4;3.41420519088534;0.24219915562462;4.7359927707994;
43.45;3.40429622181146;0.23780892537182;4.72867092374355;
43.5;3.42603314422025;0.26488757760679;4.75292175202646;
43.55;3.38632406083341;0.227500167425644;4.71438025635317;
43.6;3.40638339864939;0.249707482425411;4.73555488228095;
43.65;3.38616752637829;0.230823482300669;4.71604662712516;
43.7;3.3888184719306;0.234464155351525;4.71923704368922;
43.75;3.37225255105933;0.218428207394764;4.70296727555747;
43.8;3.37164699331037;0.218181989155147;4.70256257348822;
43.85;3.37511428669974;0.222009196092485;4.7062319021082;
43.9;3.35865935704631;0.205693547913854;4.68985599559387;
43.95;3.35677248610036;0.203866699779236;4.68800172002442;
44;3.35946091024869;0.206630976154642;4.69073428889941;
44.05;3.34933472369546;0.196513407933329;4.68060982836758;
44.1;3.3489799372886;0.19614659910759;4.68024330782429;
44.15;3.34890699698608;0.196063715232417;4.68016187523281;
44.2;3.34896066192361;0.196122013377435;4.68022173420331;
44.25;3.34887974663151;0.196043091905323;4.68014337709686;
44.3;3.3488305715787;0.196040581668164;4.68013997617203;
44.35;3.34870060565628;0.195908319860054;4.68000904050189;
44.4;3.34876664794031;0.195996730670259;4.6800980101495;
44.45;3.34878503575401;0.196041434116053;4.68014417013194;
44.5;3.34871580369373;0.195992715553373;4.68009974391159;
44.55;3.34872834353754;0.196048163966407;4.6801572357563;
44.6;3.34871238250724;0.196042695579102;4.68015482130299;
44.65;3.34871945785148;0.196066593009183;4.68018130674655;
44.7;3.34870846092342;0.196082849037715;4.68019296311029;
44.75;3.34870232153133;0.196097287328587;4.68020117263251;
44.8;3.34868583287225;0.19608678231005;4.68018382727362;
44.85;3.3486834374467;0.196092886475046;4.68018614368315;
44.9;3.34868932370464;0.196106588734422;4.68019248352613;
44.95;3.34870283994694;0.196111084910764;4.68019342506285;
45;3.34870046068807;0.19611258834456;4.68019877162013;
45.05;3.34869426054043;0.196112450173682;4.68020491689415;
45.1;3.34868420600219;0.196103735579398;4.68016646785212;
45.15;3.34865159450473;0.196113745364503;4.68018251348709;
45.2;3.3486072578017;0.196121870972781;4.68016906869657;
45.25;3.34851646045209;0.196073969444982;4.68013960637822;
45.3;3.34845950082732;0.196078777921235;4.68016160088664;
45.35;3.34840388718;0.196067950899245;4.68016186994327;
45.4;3.34834791764109;0.196062647352812;4.68013385873878;
45.45;3.34830904603652;0.196097304183949;4.68010405074348;
45.5;3.34826572643559;0.196085192323768;4.6800786014739;
45.55;3.34816963720544;0.196049739403967;4.68007902644918;
45.6;3.34812592394596;0.196014279070547;4.68009468644487;
45.65;3.34808608402332;0.195991866760831;4.68012512161296;
45.7;3.34808317457337;0.195980070561568;4.68010358860148;
45.75;3.34808317457337;0.195992515534879;4.68010358860148;
45.8;3.34808317457337;0.196015434813968;4.68010358860148;
45.85;3.34808317457337;0.196015434813968;4.68010358860148;
45.9;3.34808317457337;0.196015434813968;4.68010358860148;
45.95;3.34808317457337;0.196015434813968;4.68010358860148;
46;3.34808317457337;0.196015434813968;4.68010358860148;
46.05;3.34808317457337;0.196015434813968;4.68010358860148;
46.1;3.34808317457337;0.196015434813968;4.68010358860148;
46.15;3.34808317457337;0.196015434813968;4.68010358860148;
46.2;3.34808317457337;0.196015434813968;4.68010358860148;
46.25;3.34808317457337;0.196015434813968;4.68010358860148;
46.3;3.34808317457337;0.196015434813968;4.68010358860148;
46.35;3.34808317457337;0.196015434813968;4.68010358860148;
46.4;3.34808317457337;0.196015434813968;4.68010358860148;
46.45;3.34808317457337;0.196015434813968;4.68010358860148;
46.5;3.34808317457337;0.196015434813968;4.68010358860148;
46.55;3.34808317457337;0.196015434813968;4.68010358860148;
46.6;3.34808317457337;0.196015434813968;4.68010358860148;
46.65;3.34808317457337;0.196015434813968;4.68010358860148;
46.7;3.34808317457337;0.196015434813968;4.68010358860148;
46.75;3.34808317457337;0.196015434813968;4.68010358860148;
46.8;3.34808317457337;0.196015434813968;4.68010358860148;
46.85;3.34808317457337;0.196015434813968;4.68010358860148;
46.9;3.34808317457337;0.196015434813968;4.68010358860148;
46.95;3.34808317457337;0.196015434813968;4.68010358860148;